citation,citation,chemical formula,measurement name,measurement value,measurement units
http://arxiv.org/abs/1109.5422v1,10.1143/jpsj.80.104708,RbOs2O6,Superconducting critical temperature (Tc),6.3,K
http://arxiv.org/abs/1109.5225v3,10.1103/physrevb.84.220507,FeSe0.963,Superconducting critical temperature (Tc),8.11,K
http://arxiv.org/abs/1109.3837v1,,(Ba0.72K0.28)Fe2As2,Superconducting critical temperature (Tc),31.7,K
http://arxiv.org/abs/1109.3837v1,,(Ba0.9Co0.1)Fe2As2,Superconducting critical temperature (Tc),17.3,K
http://arxiv.org/abs/1109.3837v1,,Ba(Fe0.45Ni0.05)2As2,Superconducting critical temperature (Tc),18,K
http://arxiv.org/abs/1109.3135v1,,La(O0.89F0.11)FeAs,Superconducting critical temperature (Tc),26,K
http://arxiv.org/abs/1109.3135v1,,Sm(O0.9F0.1)FeAs,Superconducting critical temperature (Tc),55,K
http://arxiv.org/abs/1109.3135v1,,Ca(Fe0.937Co0.063)2As2,Superconducting critical temperature (Tc),14.1,K
http://arxiv.org/abs/1109.2213v1,10.1103/physrevb.84.094516,TmNi2B2C,Superconducting critical temperature (Tc),10.6,K
http://arxiv.org/abs/1109.1479v1,,(La1.985Sr0.015)CuO4.024,Superconducting critical temperature (Tc),16,K
http://arxiv.org/abs/1109.1479v1,,(La1.82Sr0.18)CuO4,Superconducting critical temperature (Tc),37,K
http://arxiv.org/abs/1109.1479v1,,(La1.985Sr0.015)CuO4.032,Superconducting critical temperature (Tc),26,K
http://arxiv.org/abs/1109.0534v2,10.1103/physrevb.84.212502,"(K,Rb,Cs,Tl)xFe2-ySe2",Superconducting critical temperature (Tc),32,K
http://arxiv.org/abs/1106.6266v1,10.1063/1.3660321,Ba(Fe0.926Co0.074)2As2,Superconducting critical temperature (Tc),22.8,K
http://arxiv.org/abs/1106.5047v1,10.1103/physrevlett.106.246404,Ba1-xKxBiO3,Superconducting critical temperature (Tc),30,K
http://arxiv.org/abs/1106.5047v1,10.1103/physrevlett.106.246404,NbSe2,Superconducting critical temperature (Tc),7.2,K
http://arxiv.org/abs/1106.4430v1,,(Ba0.6K0.4)Fe2As2,Superconducting critical temperature (Tc),39.1,K
http://arxiv.org/abs/1106.2405v3,,Tl2Mo6Se6,Superconducting critical temperature (Tc),6.8,K
http://arxiv.org/abs/1106.2397v1,10.1143/jpsj.80.093701,UBe13,Superconducting critical temperature (Tc),0.85,K
http://arxiv.org/abs/1106.2248v2,10.1103/physrevb.84.052510,Ba(Fe1.82Ni0.18)As2,Superconducting critical temperature (Tc),8,K
http://arxiv.org/abs/1106.2157v2,10.1073/pnas.1112150108,La(O0.89F0.11)FeAs,Superconducting critical temperature (Tc),26,K
http://arxiv.org/abs/1106.2111v1,10.1073/pnas.1110563108,Ca10(Pt3As8)(Fe2As2)5,Superconducting critical temperature (Tc),11,K
http://arxiv.org/abs/1106.2111v1,10.1073/pnas.1110563108,Ca10(Pt4As8)(Fe2As2)5,Superconducting critical temperature (Tc),25,K
http://arxiv.org/abs/1012.6017v1,,K0.8Fe1.7Se2,Superconducting critical temperature (Tc),30,K
http://arxiv.org/abs/1012.5980v1,10.1038/nmat2981,"(K,Cs)xFe2Se2",Superconducting critical temperature (Tc),30,K
http://arxiv.org/abs/cond-mat/0012493v1,10.1103/physrevb.63.140501,CeCu2Si2,Superconducting critical temperature (Tc),0.65,K
http://arxiv.org/abs/cond-mat/0012261v1,,CeIrIn5,Superconducting critical temperature (Tc),0.4,K
http://arxiv.org/abs/cond-mat/0010362v1,10.1103/physrevb.63.144508,La1.90Sr0.10CuO4,Superconducting critical temperature (Tc),26.5,K
http://arxiv.org/abs/cond-mat/0010234v2,10.1103/physrevlett.86.4116,YBa2(Cu0.99Li0.1)3O6.97,Superconducting critical temperature (Tc),79.5,K
http://arxiv.org/abs/cond-mat/0010234v2,10.1103/physrevlett.86.4116,YBa2(Cu0.99Li0.01)3O6.6,Superconducting critical temperature (Tc),41,K
http://arxiv.org/abs/cond-mat/0010234v2,10.1103/physrevlett.86.4116,YBa2(Cu0.98Li0.02)3O6.97,Superconducting critical temperature (Tc),85.3,K
http://arxiv.org/abs/cond-mat/0010234v2,10.1103/physrevlett.86.4116,YBa2(Cu0.98Li0.02)3O6.6,Superconducting critical temperature (Tc),25,K
http://arxiv.org/abs/cond-mat/0007033v1,10.1142/s0217979200002983,YNi2B2C,Superconducting critical temperature (Tc),15.5,K
http://arxiv.org/abs/cond-mat/0003253v2,,Ba0.63K0.37BiO3,Superconducting critical temperature (Tc),31,K
http://arxiv.org/abs/cond-mat/0002376v1,,Bi2Sr2Ca2CuO8,Superconducting critical temperature (Tc),90,K
http://arxiv.org/abs/cond-mat/9912233v1,,YBa2Cu3O7,Superconducting critical temperature (Tc),90,K
http://arxiv.org/abs/cond-mat/9910161v1,10.1142/s0217984900000513,LSCO,Superconducting critical temperature (Tc),38,K
http://arxiv.org/abs/cond-mat/9910161v1,10.1142/s0217984900000513,Bi-2201,Superconducting critical temperature (Tc),33,K
http://arxiv.org/abs/cond-mat/9910161v1,10.1142/s0217984900000513,TL 2201,Superconducting critical temperature (Tc),95,K
http://arxiv.org/abs/cond-mat/9910161v1,10.1142/s0217984900000513,Hg-1201,Superconducting critical temperature (Tc),98,K
http://arxiv.org/abs/cond-mat/9910041v2,10.1103/physrevb.61.14773,YBCO6.5,Superconducting critical temperature (Tc),52,K
http://arxiv.org/abs/cond-mat/9910041v2,10.1103/physrevb.61.14773,YBCO6.7,Superconducting critical temperature (Tc),67,K
http://arxiv.org/abs/cond-mat/9910041v2,10.1103/physrevb.61.14773,YBCO6.85,Superconducting critical temperature (Tc),87,K
http://arxiv.org/abs/cond-mat/9905026v1,10.1103/physrevlett.82.4918,YBa2Cu3O6.94,Superconducting critical temperature (Tc),93,K
http://arxiv.org/abs/cond-mat/9905026v1,10.1103/physrevlett.82.4918,Y0.984Ca0.016Ba2Cu3O6.986,Superconducting critical temperature (Tc),89.5,K
http://arxiv.org/abs/cond-mat/9905026v1,10.1103/physrevlett.82.4918,Y0.899Ca0.101Ba2Cu3O6.943,Superconducting critical temperature (Tc),83,K
http://arxiv.org/abs/cond-mat/9905026v1,10.1103/physrevlett.82.4918,Y0.868Ca0.132Ba2Cu3O6.928,Superconducting critical temperature (Tc),75,K
http://arxiv.org/abs/cond-mat/9904435v1,,Hg-1201,Superconducting critical temperature (Tc),98,K
http://arxiv.org/abs/cond-mat/9904435v1,,Hg-1212,Superconducting critical temperature (Tc),126,K
http://arxiv.org/abs/cond-mat/9904435v1,,Hg-1223,Superconducting critical temperature (Tc),134,K
http://arxiv.org/abs/cond-mat/9903005v2,10.1103/physrevlett.83.604,La1.94Sr0.06CuO4,Superconducting critical temperature (Tc),7,K
http://arxiv.org/abs/cond-mat/9902157v2,10.1103/physrevb.60.3643,La1.48Nd0.4Sr0.12CuO4,Superconducting critical temperature (Tc),4,K
http://arxiv.org/abs/cond-mat/9902157v2,10.1103/physrevb.60.3643,La1.45Nd0.4Sr0.15CuO4,Superconducting critical temperature (Tc),11,K
http://arxiv.org/abs/cond-mat/9902157v2,10.1103/physrevb.60.3643,La1.4Nd0.4Sr0.2CuO4,Superconducting critical temperature (Tc),15,K
http://arxiv.org/abs/cond-mat/9902157v2,10.1103/physrevb.60.3643,La2CuO4.055,Superconducting critical temperature (Tc),31,K
http://arxiv.org/abs/cond-mat/9902157v2,10.1103/physrevb.60.3643,La1.85Sr0.15CuO4,Superconducting critical temperature (Tc),38,K
http://arxiv.org/abs/cond-mat/0612682v1,10.1016/j.physc.2007.03.023,Cd2Re2O7,Superconducting critical temperature (Tc),1,K
http://arxiv.org/abs/cond-mat/0612682v1,10.1016/j.physc.2007.03.023,CsOs2O6,Superconducting critical temperature (Tc),3.3,K
http://arxiv.org/abs/cond-mat/0612682v1,10.1016/j.physc.2007.03.023,RbOs2O6,Superconducting critical temperature (Tc),6.3,K
http://arxiv.org/abs/cond-mat/0612682v1,10.1016/j.physc.2007.03.023,KOs2O6,Superconducting critical temperature (Tc),9.6,K
http://arxiv.org/abs/cond-mat/0612340v1,10.1103/physrevb.76.014519,RuSr2Eu1.2Ce0.8Cu2O10,Superconducting critical temperature (Tc),40,K
http://arxiv.org/abs/cond-mat/0612159v2,,MgB2,Superconducting critical temperature (Tc),38.5,K
http://arxiv.org/abs/cond-mat/0612069v1,,BSCCO,Superconducting critical temperature (Tc),95,K
http://arxiv.org/abs/cond-mat/0611515v1,10.1103/physrevb.75.014513,YBa2Cu3O6.94,Superconducting critical temperature (Tc),92,K
http://arxiv.org/abs/cond-mat/0611310v1,,Cu0.07TiSe2,Superconducting critical temperature (Tc),3.9,K
http://arxiv.org/abs/cond-mat/0611079v1,,La1.85Sr0.15CuO4,Superconducting critical temperature (Tc),35,K
http://arxiv.org/abs/cond-mat/0610497v1,10.1063/1.2769763,CaC6,Superconducting critical temperature (Tc),11.5,K
http://arxiv.org/abs/cond-mat/0608610v2,10.1103/physrevb.74.144514,Pr0.88LaCe0.12CuO4-d,Superconducting critical temperature (Tc),24,K
http://arxiv.org/abs/cond-mat/0606568v1,10.1016/j.physc.2007.03.292,Ca1.9Na0.1CuO2Cl2,Superconducting critical temperature (Tc),13.5,K
http://arxiv.org/abs/cond-mat/0603428v2,,PuCoGa5,Superconducting critical temperature (Tc),18,K
http://arxiv.org/abs/cond-mat/0603428v2,,"(Ba,K)BiO3",Superconducting critical temperature (Tc),35,K
http://arxiv.org/abs/cond-mat/0603090v2,10.1038/nature04571,CeRhIn5,Superconducting critical temperature (Tc),1.7,K
http://arxiv.org/abs/cond-mat/0602323v1,10.1143/jpsj.75.074717,Na0.3CoO2*1.3H2O,Superconducting critical temperature (Tc),4.5,K
http://arxiv.org/abs/cond-mat/0601501v1,,RuSr2Eu1.5Ce0.5Cu2O10,Superconducting critical temperature (Tc),25,K
http://arxiv.org/abs/cond-mat/0601450v1,10.1103/physrevlett.96.087001,HgBa2Ca4Cu5Oy,Superconducting critical temperature (Tc),72,K
http://arxiv.org/abs/cond-mat/0511560v1,10.1063/1.2193047,Nb3Sn,Superconducting critical temperature (Tc),18,K
http://arxiv.org/abs/cond-mat/0511560v1,10.1063/1.2193047,Nb2.97Ti0.03Sn,Superconducting critical temperature (Tc),17.5,K
http://arxiv.org/abs/cond-mat/0511560v1,10.1063/1.2193047,Nb2.97Ta0.03Sn,Superconducting critical temperature (Tc),17.5,K
http://arxiv.org/abs/cond-mat/0510572v3,10.1103/physrevb.73.024512,YB6,Superconducting critical temperature (Tc),7.2,K
http://arxiv.org/abs/cond-mat/0510057v1,10.1103/physrevlett.96.017004,BiSrCaCuO(Bi2212),Superconducting critical temperature (Tc),56 to 62,K
http://arxiv.org/abs/cond-mat/0509078v1,,PuCoGa5,Superconducting critical temperature (Tc),18.5,K
http://arxiv.org/abs/cond-mat/0509078v1,,Th,Superconducting critical temperature (Tc),1.39,K
http://arxiv.org/abs/cond-mat/0509078v1,,UCo,Superconducting critical temperature (Tc),1.22,K
http://arxiv.org/abs/cond-mat/0509078v1,,U6Fe,Superconducting critical temperature (Tc),3.78,K
http://arxiv.org/abs/cond-mat/0509078v1,,U6Mn,Superconducting critical temperature (Tc),2.31,K
http://arxiv.org/abs/cond-mat/0509078v1,,U6Co,Superconducting critical temperature (Tc),2.33,K
http://arxiv.org/abs/cond-mat/0509078v1,,U6Ni,Superconducting critical temperature (Tc),0.33,K
http://arxiv.org/abs/cond-mat/0509078v1,,UPt3,Superconducting critical temperature (Tc),0.54,K
http://arxiv.org/abs/cond-mat/0509078v1,,URu3,Superconducting critical temperature (Tc),0.145,K
http://arxiv.org/abs/cond-mat/0509078v1,,UBe13,Superconducting critical temperature (Tc),0.9,K
http://arxiv.org/abs/cond-mat/0509078v1,,U3Ir,Superconducting critical temperature (Tc),1.3,K
http://arxiv.org/abs/cond-mat/0509078v1,,U5Ge3,Superconducting critical temperature (Tc),0.99,K
http://arxiv.org/abs/cond-mat/0509078v1,,U2PtC2,Superconducting critical temperature (Tc),1.47,K
http://arxiv.org/abs/cond-mat/0509078v1,,UAl2Si2,Superconducting critical temperature (Tc),1.34,K
http://arxiv.org/abs/cond-mat/0509078v1,,UAl2Ge2,Superconducting critical temperature (Tc),1.6,K
http://arxiv.org/abs/cond-mat/0509078v1,,UGa2Ge2,Superconducting critical temperature (Tc),0.87,K
http://arxiv.org/abs/cond-mat/0509078v1,,URu2Si2,Superconducting critical temperature (Tc),1.5,K
http://arxiv.org/abs/cond-mat/0509078v1,,UGe2,Superconducting critical temperature (Tc),0.4,K
http://arxiv.org/abs/cond-mat/0509078v1,,UIr,Superconducting critical temperature (Tc),0.14,K
http://arxiv.org/abs/cond-mat/0509078v1,,UPd2Al3,Superconducting critical temperature (Tc),1.9,K
http://arxiv.org/abs/cond-mat/0509078v1,,UNi2Al3,Superconducting critical temperature (Tc),1,K
http://arxiv.org/abs/cond-mat/0509078v1,,URhGe,Superconducting critical temperature (Tc),0.25,K
http://arxiv.org/abs/cond-mat/0509078v1,,PuCoGa5,Superconducting critical temperature (Tc),18.5,K
http://arxiv.org/abs/cond-mat/0509078v1,,PuRhGa5,Superconducting critical temperature (Tc),8.7,K
http://arxiv.org/abs/cond-mat/0509078v1,,Am,Superconducting critical temperature (Tc),0.79,K
http://arxiv.org/abs/cond-mat/0508196v1,10.1143/jpsj.74.3147,NaxCoO2-yH2O,Superconducting critical temperature (Tc),0 to 4.6,K
http://arxiv.org/abs/cond-mat/0507014v1,10.1103/physrevb.72.174508,RuSr2GdCu2O8,Superconducting critical temperature (Tc),56,K
http://arxiv.org/abs/cond-mat/0506549v1,10.1103/physrevb.72.134515,Na0.33CoO2-d*1.33H2O,Superconducting critical temperature (Tc),4.5,K
http://arxiv.org/abs/cond-mat/0505083v2,10.1103/physrevb.73.100504,YBa2Cu3O6.353,Superconducting critical temperature (Tc),18,K
http://arxiv.org/abs/cond-mat/0504153v1,10.1143/jpsj.74.1710,PuRhGa5,Superconducting critical temperature (Tc),9,K
http://arxiv.org/abs/cond-mat/0504071v1,10.1103/physrevb.72.024528,La1.85Sr0.15CuO4,Superconducting critical temperature (Tc),36,K
http://arxiv.org/abs/cond-mat/0502226v1,,PrOs4Sb12,Superconducting critical temperature (Tc),1.85,K
http://arxiv.org/abs/cond-mat/0412722v1,10.1016/j.physc.2005.02.006,YBa2Cu3O6.98,Superconducting critical temperature (Tc),88,K
http://arxiv.org/abs/cond-mat/0412722v1,10.1016/j.physc.2005.02.006,YBa2Cu3O6.98:C,Superconducting critical temperature (Tc),93,K
http://arxiv.org/abs/cond-mat/0412715v1,10.1103/physrevb.71.104513,La1.48Nd0.4Sr0.12CuO4,Superconducting critical temperature (Tc),3,K
http://arxiv.org/abs/cond-mat/0412152v1,10.1063/1.1850383,YBa2Cu3O7,Superconducting critical temperature (Tc),90,K
http://arxiv.org/abs/cond-mat/0412152v1,10.1063/1.1850383,YBa2Cu2.7Co0.3O7,Superconducting critical temperature (Tc),33,K
http://arxiv.org/abs/cond-mat/0412152v1,10.1063/1.1850383,Y0.9Ca0.1Ba2Cu2.7Co0.3O7,Superconducting critical temperature (Tc),53,K
http://arxiv.org/abs/cond-mat/0412152v1,10.1063/1.1850383,Y0.8Ca0.2Ba2Cu2.7Co0.3O7,Superconducting critical temperature (Tc),67,K
http://arxiv.org/abs/cond-mat/0410466v1,10.1143/jjap.43.l1502,NdBa2Cu3O7-d,Superconducting critical temperature (Tc),94,K
http://arxiv.org/abs/cond-mat/0410141v1,10.1143/jjap.43.l1480,Li0.15Sr2CuO2Br2,Superconducting critical temperature (Tc),8,K
http://arxiv.org/abs/cond-mat/0406645v1,10.1103/physrevlett.94.107001,CePt3Si,Superconducting critical temperature (Tc),0.65,K
http://arxiv.org/abs/cond-mat/0407695v1,10.1103/physrevb.70.054519,LiTi2O4,Superconducting critical temperature (Tc),11.4,K
http://arxiv.org/abs/cond-mat/0407589v3,10.1103/physrevb.71.020504,MgCNi3,Superconducting critical temperature (Tc),8,K
http://arxiv.org/abs/cond-mat/0407589v3,10.1103/physrevb.71.020504,Na0.35CoO2*1.3H2O,Superconducting critical temperature (Tc),4.5,K
http://arxiv.org/abs/cond-mat/0407556v1,10.1038/nature02731,Bi2Sr2CaCu2O8,Superconducting critical temperature (Tc),92,K
http://arxiv.org/abs/cond-mat/0406446v3,10.1103/physrevb.70.212504,C0.9722B0.0278,Superconducting critical temperature (Tc),4.4,K
http://arxiv.org/abs/cond-mat/0406109v1,10.1016/j.ssc.2004.06.024,LaRhAl,Superconducting critical temperature (Tc),2.4,K
http://arxiv.org/abs/cond-mat/0406109v1,10.1016/j.ssc.2004.06.024,YRhAl,Superconducting critical temperature (Tc),0.9,K
http://arxiv.org/abs/cond-mat/0406107v1,10.1016/j.physc.2004.06.015,TbSr2Cu2.7Mo0.3O7+d,Superconducting critical temperature (Tc),80,K
http://arxiv.org/abs/cond-mat/0311565v1,,LaBaCaCu3O7-d,Superconducting critical temperature (Tc),73,K
http://arxiv.org/abs/cond-mat/0311565v1,,NdBaCaCu3O7-d,Superconducting critical temperature (Tc),41,K
http://arxiv.org/abs/cond-mat/0311561v1,,Y2C3,Superconducting critical temperature (Tc),11.5,K
http://arxiv.org/abs/cond-mat/0311561v1,,Y0.7Th0.3C1.55,Superconducting critical temperature (Tc),17,K
http://arxiv.org/abs/cond-mat/0311561v1,,Y2C2.9B0.1,Superconducting critical temperature (Tc),16.4,K
http://arxiv.org/abs/cond-mat/0310326v3,,2H-NbSe2,Superconducting critical temperature (Tc),7.2,K
http://arxiv.org/abs/cond-mat/0309121v1,10.1103/physrevb.70.014504,YBa2Cu3O6.5,Superconducting critical temperature (Tc),45,K
http://arxiv.org/abs/cond-mat/0306688v1,10.1103/physrevb.68.054516,Tl2Ba2CaCu2O8+d,Superconducting critical temperature (Tc),108,K
http://arxiv.org/abs/cond-mat/0305555v1,,TbSr2Cu2.7Mo0.3O7,Superconducting critical temperature (Tc),80,K
http://arxiv.org/abs/cond-mat/0304263v1,10.1103/physrevb.68.144518,RuSr2GdCu2O8,Superconducting critical temperature (Tc),50,K
http://arxiv.org/abs/cond-mat/0302134v2,10.1103/physrevb.69.094519,TaB2,Superconducting critical temperature (Tc),12,K
http://arxiv.org/abs/cond-mat/0301025v3,,Mg(B0.9C0.1)2,Superconducting critical temperature (Tc),22,K
http://arxiv.org/abs/cond-mat/0211644v1,,RuSr2Gd1.5Ce0.5Cu2O10,Superconducting critical temperature (Tc),43,K
http://arxiv.org/abs/cond-mat/0210692v1,,"Sr(Al0.5, Si0.5)2",Superconducting critical temperature (Tc),4.2,K
http://arxiv.org/abs/cond-mat/0210692v1,,"Sr(Ga0.5, Si0.5)2",Superconducting critical temperature (Tc),5.1,K
http://arxiv.org/abs/cond-mat/0210692v1,,"Ba(Ga0.5, Si0.5)2",Superconducting critical temperature (Tc),3.3,K
http://arxiv.org/abs/cond-mat/0210530v1,,Mg(B0.8C0.2)2,Superconducting critical temperature (Tc),22,K
http://arxiv.org/abs/cond-mat/0209593v1,10.1103/physrevb.67.020407,RuSr2Gd1.5Ce0.5Cu2O10,Superconducting critical temperature (Tc),40,K
http://arxiv.org/abs/cond-mat/0208341v1,,CaAlSi,Superconducting critical temperature (Tc),7.8,K
http://arxiv.org/abs/cond-mat/0208341v1,,SrAlSi,Superconducting critical temperature (Tc),5.1,K
http://arxiv.org/abs/cond-mat/0208313v1,,Ba2Sn3Sb6,Superconducting critical temperature (Tc),3.9,K
http://arxiv.org/abs/cond-mat/0208313v1,,SrSn3Sb4,Superconducting critical temperature (Tc),3.9,K
http://arxiv.org/abs/cond-mat/0203323v2,10.1063/1.1542408,Bi2Sr2CaCu2O8,Superconducting critical temperature (Tc),80 to 84,K
http://arxiv.org/abs/cond-mat/0202211v1,10.1007/s003390201673,CeCoIn5,Superconducting critical temperature (Tc),2.3,K
http://arxiv.org/abs/cond-mat/0201215v1,10.1103/physrevlett.89.017001,Cd2Re2O7,Superconducting critical temperature (Tc),1,K
http://arxiv.org/abs/cond-mat/0112397v1,10.1103/physrevb.65.092509,Sr2RuO4,Superconducting critical temperature (Tc),1.3,K
http://arxiv.org/abs/cond-mat/0110482v1,,RuSr2GdCu2Oy,Superconducting critical temperature (Tc),35,K
http://arxiv.org/abs/cond-mat/0108015v2,10.1103/physrevlett.88.177401,YBa2(Cu1Ni0)3O6.95,Superconducting critical temperature (Tc),92.5,K
http://arxiv.org/abs/cond-mat/0108015v2,10.1103/physrevlett.88.177401,YBa2(Cu0.99Ni0.01)3O6.95,Superconducting critical temperature (Tc),88,K
http://arxiv.org/abs/cond-mat/0108015v2,10.1103/physrevlett.88.177401,YBa2(Cu0.97Ni0.03)3O6.95,Superconducting critical temperature (Tc),78,K
http://arxiv.org/abs/cond-mat/0107538v1,10.1103/physrevb.64.180511,Y(Ba1Sr0)2Cu4O8,Superconducting critical temperature (Tc),82,K
http://arxiv.org/abs/cond-mat/0107266v2,,CeIrIn5,Superconducting critical temperature (Tc),0.39,K
http://arxiv.org/abs/cond-mat/0107266v2,,Ce(Rh0.25Ir0.75)In5,Superconducting critical temperature (Tc),0.63,K
http://arxiv.org/abs/cond-mat/0107266v2,,Ce(Co0.5Ir0.5)In5,Superconducting critical temperature (Tc),0.63,K
http://arxiv.org/abs/cond-mat/0107266v2,,Ce(Rh0.5Ir0.5)In5,Superconducting critical temperature (Tc),0.99,K
http://arxiv.org/abs/cond-mat/0107266v2,,Ce(Co0.5Rh0.5)In5,Superconducting critical temperature (Tc),1.61,K
http://arxiv.org/abs/cond-mat/0107266v2,,CeCoIn5,Superconducting critical temperature (Tc),2.31,K
http://arxiv.org/abs/cond-mat/0107161v1,10.1103/physrevlett.88.097005,Bi2Sr2CaCu2O8+d,Superconducting critical temperature (Tc),63 to 70,K
http://arxiv.org/abs/cond-mat/0106555v1,10.1103/physrevb.65.104509,(Y1Pr0)Ba2Cu3O7,Superconducting critical temperature (Tc),90,K
http://arxiv.org/abs/cond-mat/0106039v1,10.1103/physrevb.64.180509,(Ba0.67K0.33)BiO3,Superconducting critical temperature (Tc),31,K
http://arxiv.org/abs/cond-mat/0105293v1,,Re3B,Superconducting critical temperature (Tc),4.7,K
http://arxiv.org/abs/cond-mat/0105293v1,,Re2B,Superconducting critical temperature (Tc),2.8,K
http://arxiv.org/abs/cond-mat/0105293v1,,ReBx,Superconducting critical temperature (Tc),4.5 to 6.3,K
http://arxiv.org/abs/cond-mat/0105240v1,,MgC0.96Ni3,Superconducting critical temperature (Tc),7.3,K
http://arxiv.org/abs/cond-mat/0104179v2,10.1103/physrevb.65.100514,CeCoIn5,Superconducting critical temperature (Tc),2.3,K
http://arxiv.org/abs/cond-mat/0104087v1,10.1143/jpsj.70.853,(La1.93Sr0.07)CuO4,Superconducting critical temperature (Tc),17,K
http://arxiv.org/abs/cond-mat/0104041v1,10.1103/physrevb.64.052513,(Mg0.9Al0.1)B2,Superconducting critical temperature (Tc),37,K
http://arxiv.org/abs/cond-mat/0103350v2,,(Mg0.95Zn0.05)B2,Superconducting critical temperature (Tc),38.5,K
http://arxiv.org/abs/cond-mat/0103350v2,,(Mg0.9Zn0.1)B2,Superconducting critical temperature (Tc),38.8,K
http://arxiv.org/abs/cond-mat/0103111v1,10.1103/physrevb.64.100505,LuNi2B2C,Superconducting critical temperature (Tc),15,K
http://arxiv.org/abs/cond-mat/0102508v1,,Nb3Ge,Superconducting critical temperature (Tc),23.2,K
http://arxiv.org/abs/cond-mat/0102508v1,,YPd2B2C,Superconducting critical temperature (Tc),23,K
http://arxiv.org/abs/cond-mat/0102475v1,10.1103/physrevlett.87.067005,Bi2Sr2CaCu2O8+d,Superconducting critical temperature (Tc),48 to 95,K
http://arxiv.org/abs/cond-mat/0101095v2,10.1103/physrevlett.86.4100,YBa2Cu3O6.5,Superconducting critical temperature (Tc),55,K
http://arxiv.org/abs/cond-mat/0007033v1,10.1142/s0217979200002983,YNi2B2C,Superconducting critical temperature (Tc),15.5,K
http://arxiv.org/abs/1307.7029v1,,(Ir0.85Rh0.15)Te2,Superconducting critical temperature (Tc),2.5,K
http://arxiv.org/abs/1307.7029v1,,(Ir0.8Rh0.2)Te2,Superconducting critical temperature (Tc),2.5,K
http://arxiv.org/abs/1307.3212v1,10.1103/physrevb.88.014107,CaB,Superconducting critical temperature (Tc),5.5,K
http://arxiv.org/abs/1307.1259v2,10.1063/1.4821335,SmFeAs(O0.85F0.15),Superconducting critical temperature (Tc),55,K
http://arxiv.org/abs/1307.0645v2,10.1002/pssr.201307125,Bi4O4S3,Superconducting critical temperature (Tc),4.4,K
http://arxiv.org/abs/1307.0645v2,10.1002/pssr.201307125,Nd(O0.5F0.5)BiS2,Superconducting critical temperature (Tc),4.5,K
http://arxiv.org/abs/1306.5222v3,10.1103/physrevb.88.014526,(Gd0.8Th0.2)FeAsO,Superconducting critical temperature (Tc),56.3,K
http://arxiv.org/abs/1306.0979v1,,Ba0.4(NH3)1Fe1.8Se2,Superconducting critical temperature (Tc),37,K
http://arxiv.org/abs/1305.4109v2,10.1103/physrevb.88.020505,(Sn0.97In0.03)Te,Superconducting critical temperature (Tc),0.44167086,K
http://arxiv.org/abs/1305.4109v2,10.1103/physrevb.88.020505,(Sn0.95In0.05)Te,Superconducting critical temperature (Tc),0.75453043,K
http://arxiv.org/abs/1305.4109v2,10.1103/physrevb.88.020505,(Sn0.91In0.09)Te,Superconducting critical temperature (Tc),1.2331907,K
http://arxiv.org/abs/1305.4109v2,10.1103/physrevb.88.020505,(Sn0.9In0.1)Te,Superconducting critical temperature (Tc),1.325417,K
http://arxiv.org/abs/1305.4109v2,10.1103/physrevb.88.020505,(Sn0.84In0.16)Te,Superconducting critical temperature (Tc),2.0616999,K
http://arxiv.org/abs/1305.4109v2,10.1103/physrevb.88.020505,(Sn0.8In0.2)Te,Superconducting critical temperature (Tc),2.5956872,K
http://arxiv.org/abs/1305.4109v2,10.1103/physrevb.88.020505,(Sn0.75In0.25)Te,Superconducting critical temperature (Tc),3.0561447,K
http://arxiv.org/abs/1305.4109v2,10.1103/physrevb.88.020505,(Sn0.7In0.3)Te,Superconducting critical temperature (Tc),3.4062185,K
http://arxiv.org/abs/1305.4109v2,10.1103/physrevb.88.020505,(Sn0.65In0.35)Te,Superconducting critical temperature (Tc),3.7748992,K
http://arxiv.org/abs/1305.4109v2,10.1103/physrevb.88.020505,(Sn0.6In0.4)Te,Superconducting critical temperature (Tc),4.014724,K
http://arxiv.org/abs/1305.4109v2,10.1103/physrevb.88.020505,(Sn0.55In0.45)Te,Superconducting critical temperature (Tc),4.144299,K
http://arxiv.org/abs/1305.4109v2,10.1103/physrevb.88.020505,(Sn0.5In0.5)Te,Superconducting critical temperature (Tc),4.016701,K
http://arxiv.org/abs/1305.4109v2,10.1103/physrevb.88.020505,(Sn0.4In0.6)Te,Superconducting critical temperature (Tc),3.5772328,K
http://arxiv.org/abs/1305.4109v2,10.1103/physrevb.88.020505,(Sn0.3In0.7)Te,Superconducting critical temperature (Tc),3.3217227,K
http://arxiv.org/abs/1305.4109v2,10.1103/physrevb.88.020505,(Sn0.2In0.8)Te,Superconducting critical temperature (Tc),3.360375,K
http://arxiv.org/abs/1305.4109v2,10.1103/physrevb.88.020505,(Sn0.1In0.9)Te,Superconducting critical temperature (Tc),3.417275,K
http://arxiv.org/abs/1305.4109v2,10.1103/physrevb.88.020505,(Sn0In1)Te,Superconducting critical temperature (Tc),3.4558823,K
http://arxiv.org/abs/1305.3620v1,10.1103/physrevb.87.214510,Cu(Ir0.9Pt0.1)2Se4,Superconducting critical temperature (Tc),1.06,K
http://arxiv.org/abs/1305.3620v1,10.1103/physrevb.87.214510,Cu(Ir0.8Pt0.2)2Se4,Superconducting critical temperature (Tc),1.76,K
http://arxiv.org/abs/1305.3620v1,10.1103/physrevb.87.214510,Cu(Ir0.7Pt0.3)2Se4,Superconducting critical temperature (Tc),1.64,K
http://arxiv.org/abs/1305.3335v1,10.7566/jpsj.82.063704,(Au0.65Pt0.35)Te2,Superconducting critical temperature (Tc),4,K
http://arxiv.org/abs/1305.2024v1,10.7566/jpsj.82.065002,LaPt2Ge2,Superconducting critical temperature (Tc),0.55,K
http://arxiv.org/abs/1305.2024v1,10.7566/jpsj.82.065002,La(Pt1.85Ge2.15),Superconducting critical temperature (Tc),1.85,K
http://arxiv.org/abs/1305.2024v1,10.7566/jpsj.82.065002,La(Pt1.8Ge2.2),Superconducting critical temperature (Tc),1.95,K
http://arxiv.org/abs/1304.7148v2,10.1103/physrevb.87.224510,CaPd2As2,Superconducting critical temperature (Tc),1.27,K
http://arxiv.org/abs/1304.7148v2,10.1103/physrevb.87.224510,SrPd2As2,Superconducting critical temperature (Tc),0.92,K
http://arxiv.org/abs/1304.4869v1,10.1103/physrevb.87.140507,(Sn0.6In0.4)Te,Superconducting critical temperature (Tc),3.5,K
http://arxiv.org/abs/1304.4386v1,,Bi6O4S4(SO4)0.8,Superconducting critical temperature (Tc),0.046808735,K
http://arxiv.org/abs/1304.4386v1,,Bi6O4S4(SO4)0.75,Superconducting critical temperature (Tc),0.006467345,K
http://arxiv.org/abs/1304.4386v1,,Bi6O4S4(SO4)0.67,Superconducting critical temperature (Tc),4.508535,K
http://arxiv.org/abs/1304.4386v1,,Bi6O4S4(SO4)0.67,Superconducting critical temperature (Tc),4.5728903,K
http://arxiv.org/abs/1304.4386v1,,Bi6O4S4(SO4)0.5,Superconducting critical temperature (Tc),5.304601,K
http://arxiv.org/abs/1304.4386v1,,Bi6O4S4(SO4)0.4,Superconducting critical temperature (Tc),4.682252,K
http://arxiv.org/abs/1304.4386v1,,Bi6O4S4(SO4)0.34,Superconducting critical temperature (Tc),4.7462893,K
http://arxiv.org/abs/1304.4386v1,,Bi6O4S4(SO4)0.25,Superconducting critical temperature (Tc),4.811122,K
http://arxiv.org/abs/1304.4386v1,,Bi6O4S4(SO4)0.25,Superconducting critical temperature (Tc),4.687394,K
http://arxiv.org/abs/1304.0639v1,,Ba(Fe0.926Co0.074)2As2,Superconducting critical temperature (Tc),23,K
http://arxiv.org/abs/1303.4163v1,10.1109/tasc.2013.2239352,SmFeAs(O0.89F0.11),Superconducting critical temperature (Tc),41.879196,K
http://arxiv.org/abs/1303.4163v1,10.1109/tasc.2013.2239352,SmFeAs(O0.79F0.21),Superconducting critical temperature (Tc),53.15436,K
http://arxiv.org/abs/1303.4163v1,10.1109/tasc.2013.2239352,SmFeAs(O0.74F0.26),Superconducting critical temperature (Tc),54.362415,K
http://arxiv.org/abs/1303.4163v1,10.1109/tasc.2013.2239352,SmFeAs(O0.70F0.30),Superconducting critical temperature (Tc),54.362415,K
http://arxiv.org/abs/1303.4163v1,10.1109/tasc.2013.2239352,SmFeAs(O0.65F0.35),Superconducting critical temperature (Tc),54.362415,K
http://arxiv.org/abs/1303.3193v1,10.1038/srep01446,Nb2Pd0.81S5,Superconducting critical temperature (Tc),6.6,K
http://arxiv.org/abs/1303.2010v1,,(Ba0.8K0.2)Fe2As2,Superconducting critical temperature (Tc),6.736842,K
http://arxiv.org/abs/1303.2010v1,,(Ba0.7K0.3)Fe2As2,Superconducting critical temperature (Tc),37.263157,K
http://arxiv.org/abs/1303.2010v1,,(Ba0.6K0.4)Fe2As2,Superconducting critical temperature (Tc),37.894737,K
http://arxiv.org/abs/1303.2010v1,,(Ba0.4K0.6)Fe2As2,Superconducting critical temperature (Tc),28,K
http://arxiv.org/abs/1303.2010v1,,(Ba0.3K0.7)Fe2As2,Superconducting critical temperature (Tc),19.578947,K
http://arxiv.org/abs/1303.2010v1,,(Ba0.2K0.8)Fe2As2,Superconducting critical temperature (Tc),11.789474,K
http://arxiv.org/abs/1303.2010v1,,(Ba0.1K0.2)Fe0.9As2,Superconducting critical temperature (Tc),6.9473686,K
http://arxiv.org/abs/1303.2010v1,,(Ba0K01)Fe2As2,Superconducting critical temperature (Tc),3.1578948,K
http://arxiv.org/abs/1302.7178v1,10.1021/ja312705x,K0.3Fe2Se2(NH3)0.47,Superconducting critical temperature (Tc),44,K
http://arxiv.org/abs/1302.7178v1,10.1021/ja312705x,K0.6Fe2Se2(NH3)0.37,Superconducting critical temperature (Tc),30,K
http://arxiv.org/abs/1302.1943v2,10.1103/physrevb.87.184504,LuPtBi,Superconducting critical temperature (Tc),1,K
http://arxiv.org/abs/1302.0108v1,10.1134/s0021364013040140,BaTi2Bi2O,Superconducting critical temperature (Tc),4.6,K
http://arxiv.org/abs/1301.4818v1,10.1038/srep07292,BaFe2(As0.7P0.3)2,Superconducting critical temperature (Tc),30,K
http://arxiv.org/abs/1301.4818v1,10.1038/srep07292,BaFe2(As0.65P0.35)2,Superconducting critical temperature (Tc),28,K
http://arxiv.org/abs/1301.4818v1,10.1038/srep07292,BaFe2(As0.62P0.38)2,Superconducting critical temperature (Tc),26,K
http://arxiv.org/abs/1301.4135v2,,Ir3Te8,Superconducting critical temperature (Tc),1.8,K
http://arxiv.org/abs/1301.3757v1,,Sm(Fe1Ru0)As(O0.85F0.15),Superconducting critical temperature (Tc),52,K
http://arxiv.org/abs/1301.3757v1,,Sm(Fe0.95Ru0.05)As(O0.85F0.15),Superconducting critical temperature (Tc),42.8,K
http://arxiv.org/abs/1301.3757v1,,Sm(Fe0.9Ru0.1)As(O0.85F0.15),Superconducting critical temperature (Tc),21.5,K
http://arxiv.org/abs/1301.3757v1,,Sm(Fe0.75Ru0.25)As(O0.85F0.15),Superconducting critical temperature (Tc),28.1,K
http://arxiv.org/abs/1301.3757v1,,Sm(Fe0.7Ru0.3)As(O0.85F0.15),Superconducting critical temperature (Tc),13.6,K
http://arxiv.org/abs/1301.3757v1,,Sm(Fe0.5Ru0.5)As(O0.85F0.15),Superconducting critical temperature (Tc),13.5,K
http://arxiv.org/abs/1301.2380v1,10.1103/physrevb.87.020504,Bi4O4S3,Superconducting critical temperature (Tc),8.6,K
http://arxiv.org/abs/1301.2380v1,10.1103/physrevb.87.020504,(Sr0.5La0.5)FBiS2,Superconducting critical temperature (Tc),2.8,K
http://arxiv.org/abs/1301.2380v1,10.1103/physrevb.87.020504,La(O0.5F0.5)BiS2,Superconducting critical temperature (Tc),10,K
http://arxiv.org/abs/1301.0694v2,,LiFeAs,Superconducting critical temperature (Tc),17.6,K
http://arxiv.org/abs/1212.4104v2,10.1103/physrevb.87.060507,(Ca0.957La0.043)10(Pt3As8)(Fe2As2)5,Superconducting critical temperature (Tc),13.3,K
http://arxiv.org/abs/1212.4104v2,10.1103/physrevb.87.060507,(Ca0.855La0.145)10(Pt3As8)(Fe2As2)5,Superconducting critical temperature (Tc),26.1,K
http://arxiv.org/abs/1212.4104v2,10.1103/physrevb.87.060507,(Ca0.818La0.182)10(Pt3As8)(Fe2As2)5,Superconducting critical temperature (Tc),22.1,K
http://arxiv.org/abs/1212.2742v2,10.1103/physrevb.87.014517,YBa2Cu3O6.33,Superconducting critical temperature (Tc),7,K
http://arxiv.org/abs/1212.1207v1,,Sm(O0.85F0.15)FeAs,Superconducting critical temperature (Tc),46,K
http://arxiv.org/abs/1212.1207v1,,NdFeAs(O0.82F0.18),Superconducting critical temperature (Tc),51,K
http://arxiv.org/abs/1212.1207v1,,NdFeAs(O0.82F0.18),Superconducting critical temperature (Tc),47,K
http://arxiv.org/abs/1212.1207v1,,Sm(O0.65F0.35)FeAs,Superconducting critical temperature (Tc),52,K
http://arxiv.org/abs/1212.1207v1,,LaFeAs(O0.9F0.1),Superconducting critical temperature (Tc),25,K
http://arxiv.org/abs/1212.1207v1,,SmFeAs(O0.8F0.2),Superconducting critical temperature (Tc),52.5,K
http://arxiv.org/abs/1212.1207v1,,SmFeAs(O0.7F0.3),Superconducting critical temperature (Tc),41,K
http://arxiv.org/abs/1212.1207v1,,SmFeAs(O0.8F0.2),Superconducting critical temperature (Tc),45.2,K
http://arxiv.org/abs/1212.1207v1,,SmFeAsOF,Superconducting critical temperature (Tc),54,K
http://arxiv.org/abs/1212.1207v1,,(Sr0.6K0.4)Fe2As2,Superconducting critical temperature (Tc),35,K
http://arxiv.org/abs/1212.1207v1,,(Ba0.6K0.4)Fe2As2,Superconducting critical temperature (Tc),37,K
http://arxiv.org/abs/1212.1207v1,,Fe(Te0.5Se0.5),Superconducting critical temperature (Tc),15.7,K
http://arxiv.org/abs/1212.1207v1,,FeSe,Superconducting critical temperature (Tc),15.1,K
http://arxiv.org/abs/1211.3183v1,10.1103/physrevb.86.184426,PrRh2Zn20,Superconducting critical temperature (Tc),0.06,K
http://arxiv.org/abs/1211.3183v1,10.1103/physrevb.86.184426,PrOs4Sb12,Superconducting critical temperature (Tc),1.5,K
http://arxiv.org/abs/1211.3183v1,10.1103/physrevb.86.184426,PrIr2Zn20,Superconducting critical temperature (Tc),0.05,K
http://arxiv.org/abs/1211.1221v2,10.1143/jpsj.81.114723,Ca10(Pt3As8)(Fe1.79Pt0.21As2)5,Superconducting critical temperature (Tc),13,K
http://arxiv.org/abs/1210.6638v1,,Ba(Fe0.92Co0.08)2As2,Superconducting critical temperature (Tc),22,K
http://arxiv.org/abs/1210.6638v1,,Sr(Fe0.9Co0.1)2As2,Superconducting critical temperature (Tc),19,K
http://arxiv.org/abs/1210.6638v1,,Ba0.5Sr0.5(Fe0.947Co0.053)2As2,Superconducting critical temperature (Tc),5,K
http://arxiv.org/abs/1210.6638v1,,Ba0.5Sr0.5(Fe0.908Co0.092)2As2,Superconducting critical temperature (Tc),19,K
http://arxiv.org/abs/1210.6461v1,10.1143/jpsj.81.124707,Al0.3V2Al20,Superconducting critical temperature (Tc),1.49,K
http://arxiv.org/abs/1210.6461v1,10.1143/jpsj.81.124707,Al0.3Ga0.05V2Al20,Superconducting critical temperature (Tc),1.53,K
http://arxiv.org/abs/1210.6461v1,10.1143/jpsj.81.124707,Al0.3Ga0.1V2Al20,Superconducting critical temperature (Tc),1.53,K
http://arxiv.org/abs/1210.6461v1,10.1143/jpsj.81.124707,Al0.3Ga0.15V2Al20,Superconducting critical temperature (Tc),1.53,K
http://arxiv.org/abs/1210.6461v1,10.1143/jpsj.81.124707,Al0.3Ga0.2V2Al20,Superconducting critical temperature (Tc),1.65,K
http://arxiv.org/abs/1210.6461v1,10.1143/jpsj.81.124707,Al0.3Ga0.3V2Al20,Superconducting critical temperature (Tc),1.6,K
http://arxiv.org/abs/1210.6461v1,10.1143/jpsj.81.124707,Al0.3Ga0.4V2Al20,Superconducting critical temperature (Tc),1.54,K
http://arxiv.org/abs/1210.6461v1,10.1143/jpsj.81.124707,Al0.3Ga0.5V2Al20,Superconducting critical temperature (Tc),1.5,K
http://arxiv.org/abs/1210.6461v1,10.1143/jpsj.81.124707,Al0.3Ga0.6V2Al20,Superconducting critical temperature (Tc),1.43,K
http://arxiv.org/abs/1210.5353v1,10.1103/physrevlett.109.217002,Ir0.91Se2,Superconducting critical temperature (Tc),6.4,K
http://arxiv.org/abs/1210.5353v1,10.1103/physrevlett.109.217002,Ir0.93Te2,Superconducting critical temperature (Tc),4.7,K
http://arxiv.org/abs/1210.4995v1,,Li(Fe0.98Cu0.02)As,Superconducting critical temperature (Tc),9,K
http://arxiv.org/abs/1210.1743v2,,La(O0.5F0.5)BiS2,Superconducting critical temperature (Tc),9.1,K
http://arxiv.org/abs/1209.5447v2,10.1021/ja3078889,(Ba0.95Na0.05)Ti2Sb2O,Superconducting critical temperature (Tc),3.18,K
http://arxiv.org/abs/1209.5447v2,10.1021/ja3078889,(Ba0.9Na0.1)Ti2Sb2O,Superconducting critical temperature (Tc),4.24,K
http://arxiv.org/abs/1209.5447v2,10.1021/ja3078889,(Ba0.85Na0.15)Ti2Sb2O,Superconducting critical temperature (Tc),5.36,K
http://arxiv.org/abs/1209.5447v2,10.1021/ja3078889,(Ba0.8Na0.2)Ti2Sb2O,Superconducting critical temperature (Tc),5.36,K
http://arxiv.org/abs/1209.5447v2,10.1021/ja3078889,(Ba0.75Na0.25)Ti2Sb2O,Superconducting critical temperature (Tc),5.73,K
http://arxiv.org/abs/1209.5447v2,10.1021/ja3078889,(Ba0.7Na0.3)Ti2Sb2O,Superconducting critical temperature (Tc),5.33,K
http://arxiv.org/abs/1209.5447v2,10.1021/ja3078889,(Ba0.68Na0.32)Ti2Sb2O,Superconducting critical temperature (Tc),5.28,K
http://arxiv.org/abs/1209.4626v1,,Ti,Superconducting critical temperature (Tc),0.4,K
http://arxiv.org/abs/1209.4626v1,,Ti2N,Superconducting critical temperature (Tc),0.05,K
http://arxiv.org/abs/1209.2002v4,,K0.78Fe1.68Se2,Superconducting critical temperature (Tc),32.1,K
http://arxiv.org/abs/1209.2002v4,,K0.686Fe1.778Se1.905Te0.095,Superconducting critical temperature (Tc),30,K
http://arxiv.org/abs/1209.2002v4,,K0.735Fe1.722Se1.805Te0.195,Superconducting critical temperature (Tc),28.3,K
http://arxiv.org/abs/1209.2002v4,,K0.710Fe1.682Se1.694Te0.306,Superconducting critical temperature (Tc),25.9,K
http://arxiv.org/abs/1209.2002v4,,K0.724Fe1.663Se1.556Te0.344,Superconducting critical temperature (Tc),24.9,K
http://arxiv.org/abs/1209.2002v4,,K0.717Fe1.740Se1.473Te0.527,Superconducting critical temperature (Tc),16.7,K
http://arxiv.org/abs/1209.1211v1,10.1103/physrevb.82.144523,Fe1.04(Te0.5Se0.5),Superconducting critical temperature (Tc),15,K
http://arxiv.org/abs/1209.1211v1,10.1103/physrevb.82.144523,Fe1.09(Te0.5Se0.5),Superconducting critical temperature (Tc),15,K
http://arxiv.org/abs/1209.0569v1,10.1016/j.physc.2012.08.006,Fe1.01(Te0.62Se0.38),Superconducting critical temperature (Tc),13.4,K
http://arxiv.org/abs/1209.0569v1,10.1016/j.physc.2012.08.006,Fe1.01(Te0.60Se0.40),Superconducting critical temperature (Tc),13.9,K
http://arxiv.org/abs/1208.6207v2,10.1103/physrevb.86.214509,Sm(Fe0.92Co0.08)AsO,Superconducting critical temperature (Tc),16.3,K
http://arxiv.org/abs/1208.6207v2,10.1103/physrevb.86.214509,NdFeAs(O0.65F0.35),Superconducting critical temperature (Tc),38.5,K
http://arxiv.org/abs/1208.6207v2,10.1103/physrevb.86.214509,NdFeAs(O0.75F0.25),Superconducting critical temperature (Tc),19,K
http://arxiv.org/abs/1208.6207v2,10.1103/physrevb.86.214509,PrFe(AsO0.7F0.3),Superconducting critical temperature (Tc),25,K
http://arxiv.org/abs/1208.4760v2,10.1103/physrevb.86.134530,Rb0.85Fe1.90Se2,Superconducting critical temperature (Tc),33.3,K
http://arxiv.org/abs/1208.3610v2,10.1103/physrevb.86.094528,Cs0.8Fe1.9Se2,Superconducting critical temperature (Tc),27,K
http://arxiv.org/abs/1208.2903v1,,(La1.9Sr0.1)CuO4,Superconducting critical temperature (Tc),28,K
http://arxiv.org/abs/1208.2903v1,,(La1.86Sr0.14)CuO4,Superconducting critical temperature (Tc),32,K
http://arxiv.org/abs/1208.2903v1,,(La1.85Sr0.15)CuO4,Superconducting critical temperature (Tc),39,K
http://arxiv.org/abs/1208.2796v1,10.1143/jpsj.81.125002,Bi4O4S3,Superconducting critical temperature (Tc),4.4,K
http://arxiv.org/abs/1208.2605v1,,Bi2+xSr2-xCuO6+d,Superconducting critical temperature (Tc),7,K
http://arxiv.org/abs/1208.2240v2,10.1103/physrevb.86.144530,KFe2As2,Superconducting critical temperature (Tc),3,K
http://arxiv.org/abs/1208.0929v1,10.1103/physrevb.85.144513,(Eu0.5K0.5)Fe2As2,Superconducting critical temperature (Tc),33,K
http://arxiv.org/abs/1208.0929v1,10.1103/physrevb.85.144513,(Eu0.5K0.5)(Fe0.97Ni0.03)2As2,Superconducting critical temperature (Tc),23,K
http://arxiv.org/abs/1208.0311v1,10.1103/physrevb.86.100505,BaNi2(Ge0.2P0.8)2,Superconducting critical temperature (Tc),2.9,K
http://arxiv.org/abs/1208.0311v1,10.1103/physrevb.86.100505,BaNi2(Ge0P1)2,Superconducting critical temperature (Tc),2.5,K
http://arxiv.org/abs/1207.6196v1,10.7566/jpsj.82.053703,CaPt3P,Superconducting critical temperature (Tc),6.6,K
http://arxiv.org/abs/1207.6196v1,10.7566/jpsj.82.053703,SrPt3P,Superconducting critical temperature (Tc),8.4,K
http://arxiv.org/abs/1207.6196v1,10.7566/jpsj.82.053703,LaPt3P,Superconducting critical temperature (Tc),1.5,K
http://arxiv.org/abs/1207.6196v1,10.7566/jpsj.82.053703,MgNi3C,Superconducting critical temperature (Tc),8,K
http://arxiv.org/abs/1207.6196v1,10.7566/jpsj.82.053703,CePt3Si,Superconducting critical temperature (Tc),0.75,K
http://arxiv.org/abs/1207.5382v1,,Na(Fe1Co0)As,Superconducting critical temperature (Tc),9.69,K
http://arxiv.org/abs/1207.5382v1,,Na(Fe0.99Co0.01)As,Superconducting critical temperature (Tc),16.4,K
http://arxiv.org/abs/1207.5382v1,,Na(Fe0.972Co0.028)As,Superconducting critical temperature (Tc),20.7,K
http://arxiv.org/abs/1207.5382v1,,Na(Fe0.926Co0.074)As,Superconducting critical temperature (Tc),11.6,K
http://arxiv.org/abs/1207.5382v1,,Na(Fe0.892Co0.108)As,Superconducting critical temperature (Tc),0.22,K
http://arxiv.org/abs/1207.5043v1,10.1103/physrevb.86.054502,Rh3Bi14,Superconducting critical temperature (Tc),2.94,K
http://arxiv.org/abs/1207.3558v4,,La(O0.5F0.5)BiS2,Superconducting critical temperature (Tc),2.7,K
http://arxiv.org/abs/1207.3345v1,10.1103/physrevb.86.024527,NiBi3,Superconducting critical temperature (Tc),4.06,K
http://arxiv.org/abs/1207.1577v1,10.1103/physrevb.86.014503,La(Co1.73Fe0.27)B2,Superconducting critical temperature (Tc),4.1,K
http://arxiv.org/abs/1207.1185v2,10.1103/physrevlett.109.157001,"(Y,La)FeAsO1-y",Superconducting critical temperature (Tc),50,K
http://arxiv.org/abs/1207.0583v2,,LaFeAs(O0.9F0.1),Superconducting critical temperature (Tc),26,K
http://arxiv.org/abs/1207.0583v2,,LaFePO,Superconducting critical temperature (Tc),4,K
http://arxiv.org/abs/1207.0583v2,,LaFeAs(O0.978H0.022),Superconducting critical temperature (Tc),1.09,K
http://arxiv.org/abs/1207.0583v2,,LaFeAs(O0.882H0.118),Superconducting critical temperature (Tc),53.4,K
http://arxiv.org/abs/1207.0583v2,,LaFeAs(O0.798H0.202),Superconducting critical temperature (Tc),54.6,K
http://arxiv.org/abs/1207.0583v2,,LaFeAs(O0.704H0.296),Superconducting critical temperature (Tc),45.4,K
http://arxiv.org/abs/1207.0583v2,,LaFeAs(O0.619H0.381),Superconducting critical temperature (Tc),2.88,K
http://arxiv.org/abs/1207.0583v2,,LaFeAs(O0.556H0.444),Superconducting critical temperature (Tc),3.01,K
http://arxiv.org/abs/1206.4333v2,10.1038/nphys2456,YBa2Cu3O6.67,Superconducting critical temperature (Tc),67,K
http://arxiv.org/abs/1206.3163v1,,Ba0.6K0.4Fe2As2,Superconducting critical temperature (Tc),36,K
http://arxiv.org/abs/1206.2776v1,,La1.85Sr0.15CuO4,Superconducting critical temperature (Tc),35,K
http://arxiv.org/abs/1206.0653v2,10.1103/physrevb.86.024508,BaFe1.90Ni0.1As2,Superconducting critical temperature (Tc),20,K
http://arxiv.org/abs/1206.0653v2,10.1103/physrevb.86.024508,BaFe1.88Ni0.12As2,Superconducting critical temperature (Tc),19.6,K
http://arxiv.org/abs/1206.0653v2,10.1103/physrevb.86.024508,BaFe1.85Ni0.15As2,Superconducting critical temperature (Tc),14.5,K
http://arxiv.org/abs/1206.0653v2,10.1103/physrevb.86.024508,BaFe1.82Ni0.18As2,Superconducting critical temperature (Tc),8.4,K
http://arxiv.org/abs/1205.7033v1,10.1063/1.4724206,Ca4Al2O5.7Fe2As2,Superconducting critical temperature (Tc),28.3,K
http://arxiv.org/abs/1205.6836v1,,ScGa3,Superconducting critical temperature (Tc),2.1 to 2.2,K
http://arxiv.org/abs/1205.6836v1,,LuGa3,Superconducting critical temperature (Tc),2.1 to 2.2,K
http://arxiv.org/abs/1205.3868v3,,NbC,Superconducting critical temperature (Tc),11.5,K
http://arxiv.org/abs/1204.2434v2,10.1103/physrevb.86.180501,Ba0.77K0.23Fe2As2,Superconducting critical temperature (Tc),16.5,K
http://arxiv.org/abs/1204.1316v1,10.1103/physrevb.88.134501,Rb0.77Fe1.61Se2,Superconducting critical temperature (Tc),32.6,K
http://arxiv.org/abs/1204.0631v1,,Ca1-xNaxFe2As2,Superconducting critical temperature (Tc),32,K
http://arxiv.org/abs/1203.6767v1,10.1103/physrevb.86.060516,Ca10(Fe1-xPtxAs)10(Pt3+yAs8),Superconducting critical temperature (Tc),38,K
http://arxiv.org/abs/1203.6767v1,10.1103/physrevb.86.060516,(Ca0.8La0.2)10(FeAs)10(Pt3As8),Superconducting critical temperature (Tc),30,K
http://arxiv.org/abs/1203.0286v2,10.1103/physrevb.85.214503,K0.73Fe1.67Se2,Superconducting critical temperature (Tc),32,K
http://arxiv.org/abs/1201.0902v1,,K0.80Fe1.81Se2,Superconducting critical temperature (Tc),31.6,K
http://arxiv.org/abs/1112.5229v1,,Al0.3V2Al20,Superconducting critical temperature (Tc),1.49,K
http://arxiv.org/abs/1112.5229v1,,Ga0.2V2Al20,Superconducting critical temperature (Tc),1.66,K
http://arxiv.org/abs/1112.5229v1,,YV2Al20,Superconducting critical temperature (Tc),0.69,K
http://arxiv.org/abs/1112.3822v1,10.1103/physrevb.85.214519,Rb0.8Fe1.6Se2.0,Superconducting critical temperature (Tc),32.4,K
http://arxiv.org/abs/1112.0231v1,,Ca0.64Na0.36Fe2As2,Superconducting critical temperature (Tc),17,K
http://arxiv.org/abs/1112.0231v1,,Ca0.6Na0.4Fe2As2,Superconducting critical temperature (Tc),19,K
http://arxiv.org/abs/1112.0231v1,,Ca0.5Na0.5Fe2As2,Superconducting critical temperature (Tc),22,K
http://arxiv.org/abs/1112.0231v1,,Ca0.4Na0.6Fe2As2,Superconducting critical temperature (Tc),33,K
http://arxiv.org/abs/1112.0231v1,,Ca0.34Na0.66Fe2As2,Superconducting critical temperature (Tc),33,K
http://arxiv.org/abs/1111.6105v2,,Ba0.6K0.4Fe2As2,Superconducting critical temperature (Tc),39,K
http://arxiv.org/abs/1111.6706v1,,Ca(Fe0.95Co0.05)2As2,Superconducting critical temperature (Tc),23,K
http://arxiv.org/abs/1111.3496v2,10.1103/physrevlett.108.037002,LiFeAs,Superconducting critical temperature (Tc),18,K
http://arxiv.org/abs/1111.1026v1,,K0.8Fe1.6+xSe2,Superconducting critical temperature (Tc),32.6,K
http://arxiv.org/abs/1109.5422v1,10.1143/jpsj.80.104708,RbOs2O6,Superconducting critical temperature (Tc),6.3,K
http://arxiv.org/abs/1108.5698v1,10.1103/physrevb.85.100504,Rb2Fe4Se5,Superconducting critical temperature (Tc),32,K
http://arxiv.org/abs/1108.4480v2,10.1103/physrevb.85.144515,SrFe2(As0.65P0.35)2,Superconducting critical temperature (Tc),26,K
http://arxiv.org/abs/1108.3006v1,,Rb0.8Fe1.6Se2.0,Superconducting critical temperature (Tc),32.4,K
http://arxiv.org/abs/1108.1670v3,,BaFe2Se3,Superconducting critical temperature (Tc),11,K
http://arxiv.org/abs/1108.2140v3,10.1103/physrevb.84.100504,Bi2Sr2CaCu2O8+y,Superconducting critical temperature (Tc),84,K
http://arxiv.org/abs/1108.0268v1,,FeTe0.5Se0.5,Superconducting critical temperature (Tc),14.7,K
http://arxiv.org/abs/1107.4355v1,,Ni0.05ZrTe3,Superconducting critical temperature (Tc),3.1,K
http://arxiv.org/abs/1107.1703v2,10.1103/physrevlett.107.177005,Rb2Fe4Se5,Superconducting critical temperature (Tc),32,K
http://arxiv.org/abs/1107.0423v1,10.1103/physrevb.84.020513,BaFe1.89Co0.11As2,Superconducting critical temperature (Tc),25,K
http://arxiv.org/abs/1107.0409v1,,K0.8Fe1.6Se2,Superconducting critical temperature (Tc),31.8,K
http://arxiv.org/abs/1107.0258v2,10.1103/revmodphys.83.1301,URu2Si2,Superconducting critical temperature (Tc),1.5,K
http://arxiv.org/abs/1106.5047v1,10.1103/physrevlett.106.246404,CuxZrTe3,Superconducting critical temperature (Tc),3.8,K
http://arxiv.org/abs/1105.4289v1,,BaFe2(As0.7P0.3)2,Superconducting critical temperature (Tc),28.2,K
http://arxiv.org/abs/1105.4264v1,10.1103/physrevb.83.172502,KFe2As2,Superconducting critical temperature (Tc),3.7,K
http://arxiv.org/abs/1105.1848v1,10.1143/jpsj.80.055002,SrPtAs,Superconducting critical temperature (Tc),2.4,K
http://arxiv.org/abs/1104.0137v1,,PrOFe0.9Co0.1As,Superconducting critical temperature (Tc),14,K
http://arxiv.org/abs/1103.0635v1,10.1016/j.ssc.2011.03.004,YNiGe3,Superconducting critical temperature (Tc),0.46,K
http://arxiv.org/abs/1101.5327v1,,K0.8Fe2Se1.4S0.4,Superconducting critical temperature (Tc),31.2,K
http://arxiv.org/abs/1101.5014v1,10.1016/j.jpcs.2010.10.038,PrFeAs0.89F0.11,Superconducting critical temperature (Tc),45,K
http://arxiv.org/abs/1101.5014v1,10.1016/j.jpcs.2010.10.038,LaFeAsO0.92F0.08,Superconducting critical temperature (Tc),27,K
http://arxiv.org/abs/1101.5014v1,10.1016/j.jpcs.2010.10.038,LiFeAs,Superconducting critical temperature (Tc),17,K
http://arxiv.org/abs/1101.5014v1,10.1016/j.jpcs.2010.10.038,Ba0.72K0.28Fe2As2,Superconducting critical temperature (Tc),31.5,K
http://arxiv.org/abs/1101.5014v1,10.1016/j.jpcs.2010.10.038,LaNiAsO0.9F0.1,Superconducting critical temperature (Tc),4,K
http://arxiv.org/abs/1101.4967v3,10.1103/physrevb.83.104508,KxFe2-ySe2,Superconducting critical temperature (Tc),33,K
http://arxiv.org/abs/1012.4065v2,10.1038/srep00115,Ba0.67K0.33Fe2As2,Superconducting critical temperature (Tc),38,K
http://arxiv.org/abs/1012.3637v1,,Cs0.8(FeSe0.98)2,Superconducting critical temperature (Tc),27,K
http://arxiv.org/abs/1012.2010v2,10.1063/1.3590753,EuAsFeO0.85F0.15,Superconducting critical temperature (Tc),11.3,K
http://arxiv.org/abs/1012.1771v1,10.1039/c0jm03274c,Nb3Ge,Superconducting critical temperature (Tc),23,K
http://arxiv.org/abs/1011.6099v1,,Nb0.18Re0.82,Superconducting critical temperature (Tc),8.8,K
http://arxiv.org/abs/1011.0225v1,10.1016/j.physc.2011.01.002,BaFe1.87Co0.13As2,Superconducting critical temperature (Tc),25,K
http://arxiv.org/abs/1010.3950v2,10.1143/jpsj.79.123710,SrPt2As2,Superconducting critical temperature (Tc),5.2,K
http://arxiv.org/abs/1010.3560v1,10.1103/physrevb.83.054517,Lu2Fe3Si5,Superconducting critical temperature (Tc),6.1,K
http://arxiv.org/abs/1009.2432v1,,Lu2Fe3Si5,Superconducting critical temperature (Tc),6,K
http://arxiv.org/abs/1009.1572v2,10.1103/physrevlett.105.237002,Ba(Fe1-xCox)2As2,Superconducting critical temperature (Tc),24.5,K
http://arxiv.org/abs/1009.1408v1,,LaFeAsO1-xFx,Superconducting critical temperature (Tc),15,K
http://arxiv.org/abs/1009.0031v4,10.1103/physrevb.85.134513,La1.905Ba0.095CuO4,Superconducting critical temperature (Tc),32,K
http://arxiv.org/abs/1008.3473v3,10.1103/physrevb.83.140502,Ba(Fe0.9Co0.1)2As2,Superconducting critical temperature (Tc),20,K
http://arxiv.org/abs/1008.3098v2,10.1103/physrevb.82.174509,BaFe1.85Co0.15As2,Superconducting critical temperature (Tc),25,K
http://arxiv.org/abs/1008.2687v2,10.1103/physrevb.82.140507,Sr2VO3FeAs,Superconducting critical temperature (Tc),33,K
http://arxiv.org/abs/1008.1204v1,10.1016/j.physc.2011.02.010,Ba0.59K0.41BiO3,Superconducting critical temperature (Tc),31,K
http://arxiv.org/abs/1007.4898v1,10.1103/physrevb.82.024524,PrPt4Ge12,Superconducting critical temperature (Tc),7.9,K
http://arxiv.org/abs/1007.3617v1,,Ba0.6+dK0.4-dFe2As2,Superconducting critical temperature (Tc),36,K
http://arxiv.org/abs/1007.3152v1,10.1103/physrevb.82.054510,SmBa2Cu3Ox,Superconducting critical temperature (Tc),42.8 to 63.6,K
http://arxiv.org/abs/1007.2666v1,10.1103/physrevlett.105.037004,SmFeAsO1-y,Superconducting critical temperature (Tc),54,K
http://arxiv.org/abs/1007.1406v2,,LuNi2B2C,Superconducting critical temperature (Tc),15.9,K
http://arxiv.org/abs/1007.0160v1,,Mo3Al2C,Superconducting critical temperature (Tc),9.2,K
http://arxiv.org/abs/1006.5946v1,,(PbSe)1.16(TiSe2)2,Superconducting critical temperature (Tc),2.3,K
http://arxiv.org/abs/1006.5933v2,10.1063/1.3521569,ErNi2B2C,Superconducting critical temperature (Tc),11,K
http://arxiv.org/abs/1006.4807v3,10.1103/physrevb.83.024512,CaIrSi3,Superconducting critical temperature (Tc),3.6,K
http://arxiv.org/abs/1006.4807v3,10.1103/physrevb.83.024512,CaPtSi3,Superconducting critical temperature (Tc),2.3,K
http://arxiv.org/abs/1006.3278v1,,YBa2Cu3O6.6,Superconducting critical temperature (Tc),61,K
http://arxiv.org/abs/1006.2874v1,10.1103/physrevb.82.054506,LaFeAsO0.85,Superconducting critical temperature (Tc),26,K
http://arxiv.org/abs/1006.2367v2,10.1143/apex.3.063103,"(Fe2As2)(Ca4(Mg,Ti)3Oy)",Superconducting critical temperature (Tc),42,K
http://arxiv.org/abs/1004.5374v2,,La2CuO4.0315,Superconducting critical temperature (Tc),15,K
http://arxiv.org/abs/1003.4907v1,,BaFe1.9Ni0.1As2,Superconducting critical temperature (Tc),20.1,K
http://arxiv.org/abs/1003.3612v2,10.1038/nmat2795,"SmFeAs(O,F)",Superconducting critical temperature (Tc),54,K
http://arxiv.org/abs/1003.2189v1,10.1103/physrevb.81.214501,Sr2RuO4,Superconducting critical temperature (Tc),1.5,K
http://arxiv.org/abs/1003.2189v1,10.1103/physrevb.81.214501,PrOs4Sb12,Superconducting critical temperature (Tc),1.8,K
http://arxiv.org/abs/1003.0273v3,,NdFeAsO0.80F0.20,Superconducting critical temperature (Tc),48,K
http://arxiv.org/abs/1003.0171v1,,SmO0.8F0.2FeAs,Superconducting critical temperature (Tc),56.1,K
http://arxiv.org/abs/1002.4543v1,10.1103/physrevb.81.134512,Ba(Fe0.961Rh0.039)2As2,Superconducting critical temperature (Tc),14,K
http://arxiv.org/abs/1002.3133v2,10.1103/physrevb.81.174524,BaFe1.925Ni0.075As2,Superconducting critical temperature (Tc),12.3,K
http://arxiv.org/abs/1002.3133v2,10.1103/physrevb.81.174524,BaFe1.9Ni0.1As2,Superconducting critical temperature (Tc),20,K
http://arxiv.org/abs/1002.3133v2,10.1103/physrevb.81.174524,BaFe1.85Ni0.15As2,Superconducting critical temperature (Tc),15,K
http://arxiv.org/abs/1002.2306v1,,SmFeAsO0.85,Superconducting critical temperature (Tc),55,K
http://arxiv.org/abs/1002.2095v1,10.1103/physrevb.82.024525,"(Ba,K)Fe2As2",Superconducting critical temperature (Tc),32,K
http://arxiv.org/abs/1001.4913v3,10.1103/physrevb.81.104525,BaFe1.9Pt0.1As2,Superconducting critical temperature (Tc),25,K
http://arxiv.org/abs/1001.4403v1,10.1016/j.intermet.2010.03.017,Ce2PdIn8,Superconducting critical temperature (Tc),0.69,K
http://arxiv.org/abs/1001.3311v2,,NaFe0.95Co0.05As,Superconducting critical temperature (Tc),19,K
http://arxiv.org/abs/1001.3311v2,,NaFeAs0.8P0.2,Superconducting critical temperature (Tc),33,K
http://arxiv.org/abs/1001.2332v2,,BiOCu0.85S,Superconducting critical temperature (Tc),5.8,K
http://arxiv.org/abs/1001.2332v2,,BiOCuS,Superconducting critical temperature (Tc),6,K
http://arxiv.org/abs/0912.2752v2,,BaFe1.9Pt0.1As2,Superconducting critical temperature (Tc),23,K
http://arxiv.org/abs/0911.3701v1,10.1016/j.physc.2009.12.030,Sr0.6K0.4Fe2As2,Superconducting critical temperature (Tc),34,K
http://arxiv.org/abs/0911.2394v1,,RbFe2As2,Superconducting critical temperature (Tc),2.6,K
http://arxiv.org/abs/0911.1971v1,10.1103/physrevb.81.014513,Fe1.81Co0.19As2,Superconducting critical temperature (Tc),23,K
http://arxiv.org/abs/0910.5006v1,,Ba(Fe0.925Co0.075)2As2,Superconducting critical temperature (Tc),21.4,K
http://arxiv.org/abs/0910.1423v1,10.1016/j.physc.2009.11.039,PrFeAsO0.7,Superconducting critical temperature (Tc),42,K
http://arxiv.org/abs/0909.5328v1,10.1103/physrevb.81.020509,Fe1.11Te0.6Se0.4,Superconducting critical temperature (Tc),14,K
http://arxiv.org/abs/0909.2945v3,,"(Fe2As2)(Sr4(Mg,Ti)2O6)",Superconducting critical temperature (Tc),39,K
http://arxiv.org/abs/0908.4095v2,10.1016/j.physc.2009.11.079,SrFe1.85Ni0.15As2,Superconducting critical temperature (Tc),9.8,K
http://arxiv.org/abs/0908.3284v2,10.1016/j.ssc.2010.04.019,BaFe2(As0.68P0.32)2,Superconducting critical temperature (Tc),31,K
http://arxiv.org/abs/0908.1486v2,,BaFe1.87Co0.13As2,Superconducting critical temperature (Tc),25,K
http://arxiv.org/abs/0908.1469v2,,Sr2VFeAsO3,Superconducting critical temperature (Tc),36.4,K
http://arxiv.org/abs/0908.1469v2,,Sr2ScFePO3,Superconducting critical temperature (Tc),16,K
http://arxiv.org/abs/0908.1167v1,10.1103/physrevb.80.052508,HoFeAsO0.9F0.1,Superconducting critical temperature (Tc),36,K
http://arxiv.org/abs/0908.1167v1,10.1103/physrevb.80.052508,TbFeAsO0.9F0.1,Superconducting critical temperature (Tc),51,K
http://arxiv.org/abs/0908.1167v1,10.1103/physrevb.80.052508,DyFeAsO0.9F0.1,Superconducting critical temperature (Tc),45,K
http://arxiv.org/abs/0908.0954v1,10.1103/physrevb.81.180505,BaFe1.9Ni0.1As2,Superconducting critical temperature (Tc),20,K
http://arxiv.org/abs/0907.4429v1,,SrFe2As2,Superconducting critical temperature (Tc),22,K
http://arxiv.org/abs/0907.4429v1,,TcFe2As2,Superconducting critical temperature (Tc),22,K
http://arxiv.org/abs/0907.3632v1,10.1038/nphys1483,BaFe1.85Co0.15As2,Superconducting critical temperature (Tc),25,K
http://arxiv.org/abs/0907.0763v1,10.1016/j.physc.2011.05.014,Fe1.03Te0.7Se0.3,Superconducting critical temperature (Tc),13,K
http://arxiv.org/abs/0907.0560v2,10.1103/physrevb.80.064509,Ba0.72K0.28Fe2As2,Superconducting critical temperature (Tc),29,K
http://arxiv.org/abs/0907.0560v2,10.1103/physrevb.80.064509,Sr0.85K0.15Fe2As2,Superconducting critical temperature (Tc),29,K
http://arxiv.org/abs/0906.3708v1,,Ba(Fe0.95Co0.05)2As2,Superconducting critical temperature (Tc),15,K
http://arxiv.org/abs/0906.3708v1,,Ba0.6K0.4Fe2As2,Superconducting critical temperature (Tc),37,K
http://arxiv.org/abs/0906.2453v3,10.1143/jpsj.79.074715,LaFeAsO0.943F0.057,Superconducting critical temperature (Tc),25,K
http://arxiv.org/abs/0906.2453v3,10.1143/jpsj.79.074715,LaFeAsO0.918F0.082,Superconducting critical temperature (Tc),29,K
http://arxiv.org/abs/0905.4032v1,10.1016/j.jallcom.2009.04.040,DyRh4B4Si0.2,Superconducting critical temperature (Tc),4.5,K
http://arxiv.org/abs/0905.4032v1,10.1016/j.jallcom.2009.04.040,DyRh4B4,Superconducting critical temperature (Tc),12,K
http://arxiv.org/abs/0905.2679v1,,CeO0.9F0.1FeAs,Superconducting critical temperature (Tc),38,K
http://arxiv.org/abs/0903.2833v1,10.1103/physrevlett.103.087001,Ba(Fe0.953Co0.047)2As2,Superconducting critical temperature (Tc),15,K
http://arxiv.org/abs/0903.0629v1,10.1016/j.physc.2009.03.025,BaNi2As2,Superconducting critical temperature (Tc),0.69,K
http://arxiv.org/abs/0902.4590v1,10.1103/physrevb.79.144516,Ca0.6Na0.4Fe2As2,Superconducting critical temperature (Tc),21,K
http://arxiv.org/abs/0902.3957v2,10.1103/physrevb.80.024506,SrFe1.5Ir0.5As2,Superconducting critical temperature (Tc),22.3,K
http://arxiv.org/abs/0902.3894v2,,SmFe0.9Co0.1AsO,Superconducting critical temperature (Tc),14,K
http://arxiv.org/abs/0902.3441v1,10.1016/j.physc.2009.03.039,SmFeAsO0.8F0.2,Superconducting critical temperature (Tc),53,K
http://arxiv.org/abs/0902.3441v1,10.1016/j.physc.2009.03.039,LaFeAsO1-xFx,Superconducting critical temperature (Tc),27,K
http://arxiv.org/abs/0902.2190v1,,Eu0.5K0.5Fe2As2,Superconducting critical temperature (Tc),31,K
http://arxiv.org/abs/0902.0859v2,,BaFe1.92Co0.08As2,Superconducting critical temperature (Tc),9,K
http://arxiv.org/abs/0902.0859v2,,BaFe1.8Co0.2As2,Superconducting critical temperature (Tc),25,K
http://arxiv.org/abs/0902.0859v2,,BaFe1.75Co0.25As2,Superconducting critical temperature (Tc),20,K
http://arxiv.org/abs/0902.0859v2,,Pr0.8Sr0.2FeAsO,Superconducting critical temperature (Tc),15,K
http://arxiv.org/abs/0901.3397v1,,La1.89Sr0.11CuO4,Superconducting critical temperature (Tc),30,K
http://arxiv.org/abs/0901.3397v1,,La1.88Sr0.12CuO4,Superconducting critical temperature (Tc),31,K
http://arxiv.org/abs/0901.3397v1,,La1.84Sr0.16CuO4,Superconducting critical temperature (Tc),38.5,K
http://arxiv.org/abs/0901.2728v3,10.1007/s10948-010-1123-z,Ba0.68K0.32Fe2As2,Superconducting critical temperature (Tc),38.5,K
http://arxiv.org/abs/0901.2728v3,10.1007/s10948-010-1123-z,Sr0.85K0.15Fe2As2,Superconducting critical temperature (Tc),25,K
http://arxiv.org/abs/0901.2472v2,10.1103/physrevb.79.212502,SmAsFeO0.8F0.2,Superconducting critical temperature (Tc),53,K
http://arxiv.org/abs/0901.0689v1,10.1103/physrevlett.102.027003,HgBa2CuO4+d,Superconducting critical temperature (Tc),90,K
http://arxiv.org/abs/0901.0689v1,10.1103/physrevlett.102.027003,HgBa2Ca2Cu3O8+d,Superconducting critical temperature (Tc),130,K
http://arxiv.org/abs/0812.4907v2,10.1103/physrevb.80.104501,TbFeAsO0.7,Superconducting critical temperature (Tc),44,K
http://arxiv.org/abs/0811.4224v1,10.1063/1.3072719,MgB2,Superconducting critical temperature (Tc),39,K
http://arxiv.org/abs/0811.4224v1,10.1063/1.3072719,NbB2.4,Superconducting critical temperature (Tc),9.5,K
http://arxiv.org/abs/0811.3483v1,10.1143/jpsj.78.033702,ZnNyNi3,Superconducting critical temperature (Tc),3,K
http://arxiv.org/abs/0811.3466v3,,Cu0.03TaS2,Superconducting critical temperature (Tc),4.03,K
http://arxiv.org/abs/0810.4865v1,10.1143/jpsj.77.123713,LiTi2O4,Superconducting critical temperature (Tc),13.4,K
http://arxiv.org/abs/0810.4498v1,,Sr0.6K0.4Fe2As2,Superconducting critical temperature (Tc),30,K
http://arxiv.org/abs/0810.4498v1,,Ca0.6Na0.4Fe2As2,Superconducting critical temperature (Tc),18,K
http://arxiv.org/abs/0810.3186v2,10.1103/physrevb.79.014514,Ba0.64K0.36Fe2As2,Superconducting critical temperature (Tc),26.2,K
http://arxiv.org/abs/0810.3186v2,10.1103/physrevb.79.014514,Ba0.55K0.45Fe2As2,Superconducting critical temperature (Tc),38,K
http://arxiv.org/abs/0810.2351v1,10.1143/jpsj.77.113709,SrFe0.875Co0.125AsF,Superconducting critical temperature (Tc),4,K
http://arxiv.org/abs/0809.1755v1,10.1039/b815830d,Nd0.8Sr0.2FeAsO,Superconducting critical temperature (Tc),13.5,K
http://arxiv.org/abs/0808.3750v1,10.1103/physrevlett.102.167002,La1.915Sr0.085CuO4,Superconducting critical temperature (Tc),22,K
http://arxiv.org/abs/0808.3398v1,,NdFeAsO0.82Fe0.18,Superconducting critical temperature (Tc),51,K
http://arxiv.org/abs/0808.2356v1,10.1103/physrevb.78.184506,ZrNi2Ga,Superconducting critical temperature (Tc),2.9,K
http://arxiv.org/abs/0808.1948v1,,TbFeAsO0.85,Superconducting critical temperature (Tc),42,K
http://arxiv.org/abs/0808.0895v1,,NdFeAsO0.86F0.14,Superconducting critical temperature (Tc),48,K
http://arxiv.org/abs/0808.0289v1,,GdFeAsO0.8F0.2,Superconducting critical temperature (Tc),43.9,K
http://arxiv.org/abs/0808.0289v1,,Gd0.8Y0.2FeAsO0.8F0.2,Superconducting critical temperature (Tc),33.9,K
http://arxiv.org/abs/0807.4890v2,10.1103/physrevlett.101.216402,LaFePO,Superconducting critical temperature (Tc),6,K
http://arxiv.org/abs/0807.3968v1,,LaFeAsO0.89F0.11,Superconducting critical temperature (Tc),26,K
http://arxiv.org/abs/0807.3968v1,,La0.87Ca0.13FePO,Superconducting critical temperature (Tc),5.4,K
http://arxiv.org/abs/0807.3293v3,,Eu0.7Na0.3Fe2As2,Superconducting critical temperature (Tc),34.7,K
http://arxiv.org/abs/0807.2706v3,10.1016/j.physc.2008.09.009,YbC6,Superconducting critical temperature (Tc),6.5,K
http://arxiv.org/abs/0807.2274v2,10.1103/physrevb.78.060505,LiFeAs,Superconducting critical temperature (Tc),18,K
http://arxiv.org/abs/0807.2237v2,10.1103/physrevlett.101.117004,BaFe1.8Co0.2As2,Superconducting critical temperature (Tc),22,K
http://arxiv.org/abs/0807.0823v1,10.1103/physrevb.78.104505,LaFe0.95Co0.05AsO,Superconducting critical temperature (Tc),11.2,K
http://arxiv.org/abs/0807.0823v1,10.1103/physrevb.78.104505,LaFe0.89Co0.11AsO,Superconducting critical temperature (Tc),14.3,K
http://arxiv.org/abs/0807.0823v1,10.1103/physrevb.78.104505,LaFe0.85Co0.15AsO,Superconducting critical temperature (Tc),6,K
http://arxiv.org/abs/0806.4798v2,10.1143/jpsj.77.103703,LaFeAs(O0.94F0.06),Superconducting critical temperature (Tc),18,K
http://arxiv.org/abs/0806.4215v1,,LaFeAsO0.95F0.05,Superconducting critical temperature (Tc),26.3,K
http://arxiv.org/abs/0806.3850v1,10.1103/physrevb.78.134504,LuB12,Superconducting critical temperature (Tc),0.4,K
http://arxiv.org/abs/0806.3850v1,10.1103/physrevb.78.134504,ZrB12,Superconducting critical temperature (Tc),6,K
http://arxiv.org/abs/0806.1318v1,,NdO0.82F0.18FeAs,Superconducting critical temperature (Tc),51,K
http://arxiv.org/abs/0806.0249v1,,PrO0.89F0.11FeAs,Superconducting critical temperature (Tc),45,K
http://arxiv.org/abs/0806.0063v2,,NdO0.82F0.18FeAs,Superconducting critical temperature (Tc),51,K
http://arxiv.org/abs/0805.2794v2,,SmFeAsO0.85,Superconducting critical temperature (Tc),52.4,K
http://arxiv.org/abs/0804.0535v1,10.1103/physrevb.77.224507,Ba8Si46,Superconducting critical temperature (Tc),8,K
http://arxiv.org/abs/0804.0535v1,10.1103/physrevb.77.224507,Ba24Si100,Superconducting critical temperature (Tc),1.5,K
http://arxiv.org/abs/0803.1044v1,10.1103/physrevb.79.104503,CaBeSi,Superconducting critical temperature (Tc),0.4,K
http://arxiv.org/abs/0803.0644v1,10.1016/j.cryogenics.2008.07.001,Mo2Re3B,Superconducting critical temperature (Tc),8.5,K
http://arxiv.org/abs/0802.1252v1,10.1103/physrevb.77.104513,YBa2Cu3O6.35,Superconducting critical temperature (Tc),18,K
http://arxiv.org/abs/cond-mat/0703279v1,10.1103/physrevb.76.014516,La2C3,Superconducting critical temperature (Tc),13.4,K
http://arxiv.org/abs/1109.1479v1,,La2CuO4.0399,Superconducting critical temperature (Tc),31.8965,K
http://arxiv.org/abs/1109.1479v1,,La2CuO4.0497,Superconducting critical temperature (Tc),31.7529,K
http://arxiv.org/abs/1109.1479v1,,La2CuO4.0301,Superconducting critical temperature (Tc),31.8965,K
http://arxiv.org/abs/1109.1479v1,,La2CuO4.0599,Superconducting critical temperature (Tc),31.8965,K
http://arxiv.org/abs/1109.1479v1,,La2CuO4.065,Superconducting critical temperature (Tc),15.0862,K
http://arxiv.org/abs/1109.1479v1,,La2CuO4.0799,Superconducting critical temperature (Tc),15.0862,K
http://arxiv.org/abs/1109.1479v1,,La2CuO4.09,Superconducting critical temperature (Tc),15.0862,K
http://arxiv.org/abs/1109.1479v1,,La2CuO4.0649,Superconducting critical temperature (Tc),31.7529,K
http://arxiv.org/abs/1109.1479v1,,La2CuO4.07,Superconducting critical temperature (Tc),31.8965,K
http://arxiv.org/abs/1109.1479v1,,La2CuO4.0798,Superconducting critical temperature (Tc),31.8965,K
http://arxiv.org/abs/1109.1479v1,,La2CuO4.0594,Superconducting critical temperature (Tc),41.954,K
http://arxiv.org/abs/1109.1479v1,,La2CuO4.0604,Superconducting critical temperature (Tc),44.9713,K
http://arxiv.org/abs/1109.1479v1,,La2CuO4.1296,Superconducting critical temperature (Tc),44.6839,K
http://arxiv.org/abs/1109.1479v1,,La2CuO4.0652,Superconducting critical temperature (Tc),39.6552,K
http://arxiv.org/abs/1109.1479v1,,La2CuO4.0699,Superconducting critical temperature (Tc),45.1149,K
http://arxiv.org/abs/1109.1479v1,,La2CuO4.0699,Superconducting critical temperature (Tc),42.0977,K
http://arxiv.org/abs/1109.1479v1,,La2CuO4.0803,Superconducting critical temperature (Tc),42.0977,K
http://arxiv.org/abs/1109.1479v1,,La2CuO4.08,Superconducting critical temperature (Tc),40.5171,K
http://arxiv.org/abs/1109.1479v1,,La2CuO4.0901,Superconducting critical temperature (Tc),41.6667,K
http://arxiv.org/abs/1109.1479v1,,La2CuO4.1002,Superconducting critical temperature (Tc),39.9425,K
http://arxiv.org/abs/1109.1479v1,,La2CuO4.0651,Superconducting critical temperature (Tc),44.9713,K
http://arxiv.org/abs/1109.1479v1,,La2CuO4.0749,Superconducting critical temperature (Tc),45.1149,K
http://arxiv.org/abs/1109.1479v1,,La2CuO4.0803,Superconducting critical temperature (Tc),45.1149,K
http://arxiv.org/abs/1109.1479v1,,La2CuO4.0898,Superconducting critical temperature (Tc),44.9713,K
http://arxiv.org/abs/1109.1479v1,,La2CuO4.1094,Superconducting critical temperature (Tc),44.9713,K
http://arxiv.org/abs/1109.1479v1,,La2CuO4.1201,Superconducting critical temperature (Tc),41.954,K
http://arxiv.org/abs/0906.2045v1,10.1143/jpsj.78.062001,La(O0.89F0.11)FeAs,Superconducting critical temperature (Tc),26,K
http://arxiv.org/abs/0906.2045v1,10.1143/jpsj.78.062001,CeFeAs(O0.84F0.16),Superconducting critical temperature (Tc),41,K
http://arxiv.org/abs/0906.2045v1,10.1143/jpsj.78.062001,SmFeAs(O0.9F0.1),Superconducting critical temperature (Tc),43,K
10.1103/physrevb.78.172503,,(La0.5Y0.5)FeAsO0.6,Superconducting critical temperature (Tc),43.1,K
http://arxiv.org/abs/0906.2045v1,10.1143/jpsj.78.062001,NdFeAs(O0.89F0.11),Superconducting critical temperature (Tc),52,K
10.1179/143307508x333686,,PrFeAs(O0.89F0.11),Superconducting critical temperature (Tc),52,K
10.1103/physrevlett.102.097002,,Ba(Fe1.8Co0.2)As2,Superconducting critical temperature (Tc),25.3,K
