seq,reads,read_id
GCCGTGATCGTATAGTGGTTAGTACTCTGC,2022,0
GTTTCCGTAGTGTAGTGGTTATCACGTTCGCCT,1441,1
GCCGTGATCGTATAGTGGTTAGTACTCTGCG,1225,2
GGCCGTGATCGTATAGTGGTTAGTACTCTGCG,426,3
GTTTCCGTAGTGTAGTGGTTATCACGTTCGCC,277,4
GGCCGTGATCGTATAGTGGTTAGTACTCTGC,268,5
TCCCTGGTGGTCTAGTGGTTAGGATTCGGC,210,6
GTTTCCGTAGTGTAGTGGTTATCACGTTCGC,209,7
TCCCTGGTGGTCTAGTGGTTAGGATTCGGCG,145,8
GGCTGGTCCGATGGTAGTGGGTTACCAGAAC,136,9
CGGGCCGCCGGTGAAATACCACTAC,119,10
GGCTGGTCCGATGGTAGTGGGTTACCAGAACT,118,11
GGTTCCATGGTGTAATGGTTAGCACTCTGGA,88,12
CGCCGCGGCCCGGGTTCGTTTCCCGGTCAGG,86,13
TCCCTGTGGTCTAGTGGTTAGGATTCGGC,83,14
GGTTCCGTAGTGTAGTGGTTATCACGTCTGCT,82,15
GCCGTGATCGTATAGTGGTTAGTACTCTG,81,16
GGCTGGTCCGAAGGTAGTGAGTTATCTCAAT,76,17
TCCTGTACTGAGCTGCCCCGA,69,18
CCCCCCACTGCTAAATTTGACTGGCTT,68,19
AGAAGCCGGCGGGAGCCCCGG,65,20
GTTTCCGTAGTGTAGTGGTTATCACGTTCG,62,21
TCCTGTACTGAGCTGCCCCGAG,59,22
CGCCGCGGCCCGGGTTCGTTTCCCGGTCAGGG,56,23
GTTTCCGTAATGTAGTGGTTATCACGTTCGCCT,55,24
TCCCTGGTCTAGTGGTTAGGATTCGGC,53,25
GTTTCCGTAGTGTAGTGGTTATCACTTTCGCCT,49,26
TCCCTGTGGTCTAGTGGTTAGGATTCGGCG,47,27
GGCCGTGATAGTATAGTGGTTAGTACTCTGCG,44,28
AGTTGGTCCGAAAGCTGTGGGTTATCACATT,39,29
AAGCTGCCAGTTGAAGAACTGT,39,30
GGTTCCGTAGTGTAGTGGTTATCACGTCTGC,37,31
GGCTGGTCCGATGGTAGTGGGTTACCAAAACT,37,32
AGCAGAGTGGCGCAGCGGAAGCGTGCTGGGC,36,33
GGCTGGTCCGATGGTAGTGGGTTACCAAAAC,36,34
GTTTCCGTAGTGTAGTGGTTATCACGTTC,36,35
TCCCACATGGTCTAGCGGTTAGGATTCCTGG,35,36
TCCCTGGTGGTCTAGTGGTTAGGATTCGGCGC,34,37
GCATTGGTGGTTCAGTGGTAGAATTCTC,33,38
GCCGTAATCGTATAGTGGTTAGTACTCTGC,33,39
GGCCGTGATCGTATAGTGGTTAGTACTCTGCGT,32,40
GCCGTGATCATATAGTGGTTAGTACTCTGC,32,41
GGCCGTGATAGTATAGTGGTTAGTACTCTGC,31,42
GCCGTGATCATATAGTGGTTAGTACTCAGC,30,43
TCCCATATGGTCTAGCGGTTAGGATTCCTGG,29,44
TCCCTGGTCTAGTGGTTAGGATTCGGCG,28,45
TGAGGGGCAGAGAGCGAGACTTT,28,46
GCCGTGATCGTATAGTGGTTAGTACTCTGCGT,26,47
TCCCACATGGTCTAGCGGTTAGGATTCCTG,25,48
GGCTGGTCCGAAGGTAGTGAGTTATCTCAA,25,49
GCCGTGATCGTATAGTGGTTAGTACTCTGCGTTG,23,50
TCCTGTACTGAGCTGCCCCGAGT,23,51
GGCCGTGATCGTATAGTGGTTAGTACTCTG,21,52
CAACGGAATCCCAAAAGCAGCTG,21,53
GTTTCCGTAATGTAGTGGTTATCACGTACGCCT,20,54
GCTCGCTTGGTCTAGGGGTATGATTCTC,20,55
GGTTCCGTAGTGTAGTGGTTATCACGTCTG,20,56
GGTCCCATGGTGTAATGGTTAGCACTCTGGA,19,57
CGCGACCTCAGATCAGACG,19,58
TCCCATATGGTCTAGCGGTTAGGATTCCTGGT,19,59
TATTGCACTTGTCCCGGCCTGT,18,60
AGGAGTCTAACACGTGCGCGAGTCAGGGGCT,18,61
GTTTCCGTAGTGTAGTGGTTATCACGTTCGCCG,18,62
GTTCCGTAGTGTAGTGGTTATCACGTCTGCT,17,63
GCCGTGATCATATAGTGGTTAGTACTCAGCG,17,64
GCCCGGCTAGCTCAGTCGGTAGAGCATGAGA,17,65
GCCGTGATCATATAGTGGTTAGTACTCTGCG,16,66
GGCCGTGATCGTATAGTGGTTAGTACTCTGCGTTG,16,67
GGCTTGGTCTAGGGGTATGATTCTC,15,68
GTTTCCGTAGTGTAGTGGTTATCACCTTCGCCT,15,69
TCCTGTACTGAGCTGCCCCGAGA,15,70
GCATTGGTGATTCAGTGGTAGAATTCTAGC,15,71
CAGGACGGTGGCCATGGAAGTCGGAATCCGCTAAGGAGTGTGTAACAACT,15,72
GTTTCCGTAGTGTAGTGGTTATCACATTCGCCT,15,73
GGCCGTGATCGTATCGTGGTTAGTACTCTGCG,15,74
TCCCACATGGTCTAGCGGTTAGGATTCCTGGT,15,75
GGGCCGCCGGTGAAATACCACTAC,15,76
GGCTTTGGTCTAGGGGTATGATTCTC,14,77
GCCGTCATCGTATAGTGGTTAGTACTCTGC,14,78
GTTTCCCTAGTGTAGTGGTTATCACGTTCGCCT,14,79
ATTGGTGGTTCAGTGGTAGAATTCTCGC,14,80
CCGTGATCGTATAGTGGTTAGTACTCTGC,13,81
TGTAAACATCCCCGACTGGAAGCT,13,82
TCCCACATGGTCTAGCGGTTAGGATTCCTGGTTT,13,83
TCCCTGTGGTCTAGTGGTTAGGATTCGGCGC,13,84
GGCTGGTCCGAAGGTAGTGAGTTATCTCAATT,13,85
GGCCGTGATCGTATAGTGGTTAGTACTATGCG,13,86
GTTTCCATAGTGTAGTGGTTATCACGTTCGCCT,13,87
GCCGTAATCGTATAGTGGTTAGTACTCTGCG,12,88
GCCGTCATCGTATAGTGGTTAGTACTCTGCG,12,89
TCCCATATGGTCTAGCGGTTAGGATTCCT,12,90
GCCCGGCTAACTCAGTCGGTAGAGCATGAGA,12,91
GTTTCCGTAATGTAGTGGTTATCACGTTCGCC,12,92
GTTTCCGTAATGTAGTGGTTATCACGTTCGC,12,93
GTTTCCTTAGTGTAGTGGTTATCACGTTCGCCT,12,94
GCCCGGCTAGCTCAGTCGGTAGAGCATGGGAC,12,95
TCCCATGGTCTAGCGGTTAGGATTCCTGG,12,96
GGCTTGGTCTAGGGGTATGATTCTCGCT,12,97
GACTCTTAGCGGTGGATCACTCGGC,11,98
GCTTGGTCTAGGGGTATGATTCTC,11,99
GCCGTGATCGTATAGTGGTTAGTACTCAGC,11,100
TCCCATATGGTCTAGCGGTTAGGATTCCTGGTTT,10,101
CGGGCCGCCGGTGAACTACCACTAC,10,102
CCAGGCGGCCCGGGTTCGACTCCCGGTGTGGG,10,103
CATTGCACTTGTCTCGGTCTGA,10,104
AGGAGTCTAACACGTGCGCGAGTCAGGGGC,10,105
GCCCGGCTAGCTCAGTCGGTAGAGCATGGG,10,106
TCCCACATGGTCTAGCGGTTAGGATTCC,10,107
GTTCCGTAGTGTAGTGGTTATCACGTCTGC,9,108
GCATGGGTGATTCAGTGGTAGAATTCTCGC,9,109
GCCCGGCTAGCTCAGTCGGTAGAGCATGAGAC,9,110
ACACGGACAGGATTGACAGAT,9,111
GGCCGTGATAGTATAGTGGTTAGTACTATGCG,9,112
GGTTCCATGGTGTAATGGTTAGCACTCTGGACT,9,113
TCCCATATGGTCTAGCGGTTAGGATTCC,9,114
TACCCTGTAGAACCGAATTTGT,9,115
GGCTCGTTGGTCTAGGGGTATGATTCTC,9,116
AGAAGCCGGCGGGAGCCC,8,117
GGCCGTGATAGTATAGTGGTTAGTACTATGC,8,118
TCCCACATGGTCTAGCGGTTAGGATTCCT,8,119
ATCAGAAGGTTGCGTGTTCAGGTCACGTCGGGGTC,8,120
GCCGTGATCGTATAGTGTTAGTACTCTGC,8,121
GGTTCCGTAATGTAGTGGTTATCACGTCTGCT,8,122
AGAAGCCGGCGGGAGCCCCGGG,8,123
TCCCCTGTGGTCTAGTGGTTAGGATTCGGC,8,124
AGCGCACGTGTTAGGACCCGA,8,125
GGCCGTGATCGTATCGTGGTTAGTACTCTGC,8,126
GGCCGTGATCGTATAGTGGTTAGTACTATGC,7,127
GCCCGGCTAACTCAGTCGGTAGAGCATGGGAC,7,128
GCCCGGCTAACTCAGTCGGTAGAGCATGGG,7,129
TCCCTGTGTCTAGTGGTTAGGATTCGGC,7,130
GCCCGGCTAACTCAGTCGGTAGAGCATGAGAC,7,131
TGAGGGGCAGAGAGCGAGACTTTT,7,132
TCCCATATGGTCTAGCGGTTAGGATTCCTG,7,133
CAACGGAATCCCAAAAGCAGCTGT,7,134
TAATGGTTAGCACTCTGGACTCTGAATC,7,135
AGAAGACGGTCGAACTTGACTATC,7,136
GACACGGACAGGATTGACAGAT,7,137
CGCAGAAGGTCCTGGGTTCGAGCCCCAGTGGAACC,7,138
CGCGACCTCAGATCAGAC,7,139
GCCGTGATCGTATAGTGGTTAGTACTC,7,140
TCCCTGGTCTAGTGGTTAGGATTCGGCGC,7,141
CGTGATCGTATAGTGGTTAGTACTCTGCG,7,142
AAAAAGGGCTTCTGTCGTGAGTGGCACACGTAGGGC,7,143
GTTTCCGTAGTGTAGTGGTTATCACGTACGCCT,6,144
AGGACGGTGGCCATGGAAGTCGGAATCCGCTAAGGAGTGTGTAACAACTC,6,145
CGCCGCGGCCCGGGTTCGATTCCCGGTCAGGG,6,146
GGCTTGGTCTAGGGGTATGATTCT,6,147
TCCTGTACTGAGCTGCCCCGAGTT,6,148
GGGCTTCTGTCGTGAGTGGCACACGTAGGGC,6,149
CGCCGCGGCCCGGGTTCGATTCCCGGTCAGG,6,150
GTTTCCGTAGTGTAGTGGTTATCACATTCGC,6,151
AGAAGCCGGAGGGAGCCCCGG,6,152
GAGACCGCCTGGGAATACCGGGTGCTGTAGGCTT,6,153
GTTTCCGTAATGTAGTGGTTATCACTTTCGCCT,6,154
TCCCTGGTGATCTAGTGGTTAGGATTCGGC,6,155
GGGGGTGTAGCTCAGTGGTAGAGCGCGTGC,6,156
ACCACAGGGTAGAACCACGGAC,6,157
AGTTGGTCCGAAAGCTGTGGGTTATCA,6,158
CCAGGCGGCCCGGGTTCGACTCCCGGTATGG,6,159
GCCGTATCGTATAGTGGTTAGTACTCTGC,6,160
GCTTTGGTCTAGGGGTATGATTCTC,6,161
CCCTGGTGGTCTAGTGGTTAGGATTCGGC,6,162
GCTGGTCCGAAGGTAGTGAGTTATCTCAA,6,163
GTTTCCGTAGTGTAGTGGTTATCACTTTCGCC,6,164
GGCCGTGATAGTATCGTGGTTAGTACTCTGCG,6,165
GCCGTGATCTTATAGTGGTTAGTACTCTGC,6,166
GGCTGGTCCGCTGGTAGTGGGTTACCAGAAC,6,167
CGTGCCGCCAGTGAAATACCACTAC,5,168
CGCCGCGGCACGGGTTCGTTTCCCGGTCAGG,5,169
TCCTGTACTGCGCTGCCCCGAG,5,170
GTTTCCATAGTGTAGTGGTTATCACGTTCGCC,5,171
AAGCTGCCAGTTGAAGAACTG,5,172
GTTCCATAGTGTAGCGGTTATCACGTCTGC,5,173
GCTGGTCCGAAGGTAGTGAGTTATCTCAAT,5,174
GCCGTGATCGTATAGTAGTTAGTACTCTGCG,5,175
CGGGCCGCCGGTGAAATACCACTACT,5,176
CCCTGGTCTAGTGGTTAGGATTCGGC,5,177
CCCCTGTGGTCTAGTGGTTAGGATTCGGCG,5,178
CGGGCCGCCGGTGACATACCACTAC,5,179
AGGGCTTCTGTCGTGAGTGGCACACGTAGGGC,5,180
CCCCCCACTGCTAAATTTGACTGGCT,5,181
GGCCGTGATCGTATCGTGGTTAGTACTATGCG,5,182
GAGAAGCCGGCGGGAGCCCCGG,5,183
GGTTCCATGGTGTACTGGTTAGCACTCTGGA,5,184
TATACAACCCCCCACTGCTAAATTTGACTGGCTT,5,185
GGTTCCGTAGTGTAGTGGTTATCACATCTGCT,5,186
GGTTCCGTAGTGTAGTGGTTATCACGTCTGCTTT,5,187
GTTTCCGTAGTGTAGTGGTTATC,5,188
TATTGCACTTGTCCCGGCCTG,5,189
TGAGGGTCCAGGGTTCAGGTCCCTGTTCGGGC,5,190
GGCTGGTCCGATGGTAGTGGGTTACCAGAACTT,5,191
GGCCGTAATCGTATAGTGGTTAGTACTCTGCG,5,192
TCCCATATGGTCTAGCGGTTAGGATTCCTGGTT,5,193
TGAGGGGCAGAGAGCGAGACTT,5,194
GGCTGGTCCGCTGGTAGTGGGTTACCAGAACT,5,195
GCCCGGATAGCTCAGTCGGTAGAGCATCAGAC,5,196
TCAGTGCACTACAGAACTTTGT,4,197
AACATTCAACGCTGTCGGTGAGT,4,198
GGCTCGTTCGTCTAGGGGTATGATTCTC,4,199
TCCTGTACTGCGCTGCCCCGA,4,200
GGCCGTAATCGTATAGTGGTTAGTACTCTGC,4,201
GGTTCCATCGTGTAATGGTTAGCACTCTGGA,4,202
AAAAAGGGCTTCTGTCGTGAGTGGCACACGTAGGGCA,4,203
TTCCGTAGTGTAGTGGTTATCACGTTCGCCT,4,204
GGTTCCATTGTGTAATGGTTAGCACTCTGGA,4,205
GCTCGCTTTGGTCTAGGGGTATGATTCTC,4,206
GGCCGTGATCGTATAGTGTTAGTACTCTGCG,4,207
AGAAGGTTGCGTGTTCAGGTCACGTCGGGGTC,4,208
TCCCTGTCGTCTAGTGGTTAGGATTCGGC,4,209
GGCCGTCATCGTATAGTGGTTAGTACTCTGCG,4,210
AGAGGGCGTGAAACCGTTAAGAGG,4,211
GGTTCCATGGTGTAATGGTTAGCACTCTGGAC,4,212
GCTCGTTGGTCTAGGGGTATGATTCTC,4,213
TACCCTGTAGATCCGAATTTGT,4,214
AAACCGTTACCATTACTGAGTTT,4,215
GGCTCGTTCGTCTAGGGGTATGATTCTCGCT,4,216
AGGAGTCTAACACGTGCGCGAGTCAGGGGCTC,4,217
GGCCGTGATAGTATCGTGGTTAGTACTCTGC,4,218
AGCAGAGTTGCGCAGCGGAAGCGTGCTGGGC,4,219
GACACGGACAGGATTGACAGA,4,220
CCAGGCGGCCCGGGTTCGACTCCCGGTATGGG,4,221
GTTTCCGTAATGTAGTGGTTATCACGTTCG,4,222
AAGCTGCCAGTTGACGAACTGT,4,223
TGTAAACATCCCCGACTGGAAGC,4,224
AAGTCGGAATCCGCTAAGGAGTGTGTAACAACTCACCTGC,4,225
AATCCCGGGGCCGAGGGAGCCAGC,4,226
TCCCTGGTCTAGTGGTTAGGATTCGGCGCT,4,227
GCATGGGTGGTTCAGTGGTAGAATTCTC,4,228
GCATGGGTGGTTCAGTGGTAGAATTCTCG,4,229
GGCTTTGGTCTAGGGGTATGATTCTCGCT,4,230
GGCTGGTCCGATGGTAGTGGGTTACCAGACC,4,231
AGTTGGTCCGAAAGCTGTGGGTTATCAAATT,4,232
GGCTTGGTCTAGGGGTATGATTCTCGGT,4,233
GTTTCCGTAGTGTAGTGGTTATCACATTCGCC,4,234
AGCAGAGTAGCGCAGCGGAAGCGTGCTGGGC,4,235
GGCTGGTCCGATGGTCGTGGGTTACCAGAAC,4,236
GTTTCCGTAGTGTAGTGGTTATCACTTTCGC,4,237
ATACAACCCCCCACTGCTAAATTTGACTG,4,238
AAGGGCAGGGCGCCCTGGAATGGG,4,239
GTTTCCGTAATGTAGTGGTTATCACGTACGCC,4,240
GACTCTTAGCGGTGGATCACTCGGCT,4,241
GCCGTGATCGTATAGTGTTAGTACTCTGCG,4,242
TCCCTGGTGGTCTAGTGGTAGGATTCGGC,4,243
GGCTGGTCCGCTGGTCGTGGGTTACCAGAACT,4,244
GGCTCGTTGGTCTAGGGGTATGATTCTCGCT,4,245
GTTTCCGTAATGTAGTGGTTATCACGTACGC,4,246
CCCCTGTGGTCTAGTGGTTAGGATTCGGC,4,247
AGGGCTTCTGTCGTGAGTGGCACACGTAGGG,4,248
GAGAAGACGGTCGAACTTGACTATC,4,249
AAGCCGGCGGGAGCCCCGG,4,250
ATACAACCCCCCACTGCTAAATTTGACTGGC,4,251
GGGGGTGTAGCTCAGTGG,4,252
AGCTCGGTCTGAGGCCCCT,3,253
TCCCTGTGGACTAGTGGTTAGGATTCGGC,3,254
TCCCTGTGGACTAGTGGTTAGGATTCGGCG,3,255
GTTCCGTAGTGTAGTGGTTATCACGTCTG,3,256
AGCTCGGTCTGAGGCCCCTCAGT,3,257
GTTCAGTGGTAGAATTCTCGC,3,258
GTTCTATTTTGTTGGTTTTCGGAAC,3,259
TCCCTGTGGACTAGTGGTTAGGATTCGAC,3,260
CGCGGCCCGGGTTCGTTTCCCGGTCAG,3,261
GTTGGTCCGAAAGCTGTGGGTTATCACATT,3,262
AAAAAAAAGGGCTTCTGTCGTGAGTGGCACACGTAGGGC,3,263
TCCCTGTAGTCTAGTGGTTAGGATTCGGCG,3,264
CCCTGTGGTCTAGTGGTTAGGATTCGGC,3,265
CAAAGAATTCTCCTTTTGGGCT,3,266
CAAAGAATTCTCCTTTTGGGCTT,3,267
TATTGCACTTGTCCCGGCCTGA,3,268
TAGCAGCACGTAAATATTGGCG,3,269
ATCTGAGGGTCCAGGGTTCAGGTCCCTGTTCGGGC,3,270
TACCCTGTAGAACCGAATT,3,271
TCCCACATGGTCTAGCGGTTAGGATTCATGG,3,272
TCCCACATGGTCTAGCGGTTAGGATTCCTGGTT,3,273
CCAGGGTCGTGGGTTCGAGCCCCACGTTGGGC,3,274
CCCACATGGTCTAGCGGTTAGGATTCC,3,275
CCCCACTGCTAAATTTGACTGGC,3,276
GTTTTCCGTAGTGTAGTGGTTATCACGTTCGCCT,3,277
TCCCATGGTCTAGCGGTTAGGATTCCTGGT,3,278
TCCCTGTAGTCTAGTGGTTAGGATTCGGC,3,279
CGGCCCTGGCGGAGCGCTGAGAAGACGGTCGAACTTGACTATC,3,280
CCGTGATCGTATAGTGGTTAGTACTCTGCG,3,281
TCCCGTGGAACGCCCCAGC,3,282
TCCCTGGTGATCTAGTGGTTAGGATTCGGCG,3,283
AGGGCTTCTGTCGTGAGTGGCACACGTAGGGCA,3,284
TCCCTGGTGGTCTAGTGGTAGGATTCGGCG,3,285
TCCCTGGTGGTCTAGTGGTTAGGATTCGG,3,286
TCCCTGGTGGTCTAGTGGTTAGGATTCGGCGCT,3,287
CGCCGCGGCCCGGGTTCGGTTCCCGGTCAGG,3,288
AGGAGTCTAACACGTGCGCGAGTCCGGGGCT,3,289
AGGAGTCTAACACGTGCGCG,3,290
GTTTCCATAATGTAGTGGTTATCACGTTCGCCT,3,291
AGCGCACGTGTTAGGACCC,3,292
ATTCAAAGGTTCCGGGTTCGGGTCCCGGCGGAGTC,3,293
ATTCAAAGGTTCCGGGTTCGTGTCCCGGCGGAGTC,3,294
TGACCTATGAATTGACAGCCAG,3,295
GGTTCCATGGTGTAATGGTTAGCACTCTGGACTC,3,296
TCCTGTACTGAGCTGCCCCGG,3,297
AGAAGGTCCTGGGTTCGAGCCCCAGTGGAACC,3,298
GCCCGGACACGGACAGGATTGACAGA,3,299
AGAAGCCGGCGGGAGCCCCG,3,300
GCTGTGATCGTATAGTGGTTAGTACTCTGC,3,301
GGCCGTGATCGTATAGTGGTTAGTACTC,3,302
AAATCTGAACAAAATGAGTGAGAACT,3,303
GAATGTTGCTCGGTGAACCCCT,3,304
GCTCGCTTGGTCTAGGGGTATGATTCTCGCT,3,305
GCCGTGATCGTATAGTGGTTAGTACT,3,306
GGCTTGGTCTAGGGGTATGATTCTCG,3,307
GCGCCGCTGGTGTAGTGGTATCATGCAAGA,3,308
GCGCCGCTGGTGTAGTGGTATCATGCAAG,3,309
GGCTTGGTCTAGGGGTATGATTCTCGC,3,310
GCATTTGTGGTTCAGTGGTAGAATTCTC,3,311
GGCTTGGTCTCGGGGTATGATTCTC,3,312
GACTCTTAGCGGTGGATCACTCG,3,313
GAGAGATCAGAGGCGCAGAGT,3,314
GGGGGTGTAGCTCAGTGGTAGAGCGTGC,3,315
GGGGGATTAGCTCAAATGG,3,316
GCCGTGATCGTATAGTGGTTAGTACTCT,3,317
GCCGTTATCGTATAGTGGTTAGTACTCTGCG,3,318
TTCACAGTGGCTAAGTTCTG,3,319
TTCAAAGGTTCCGGGTTCGGGTCCCGGCGGAGTC,3,320
GGCTTTGGTCTAGGGGTATGATTCTCGCTT,3,321
GCATGGGTGGTTCAGTGGTAGAATTCTAGC,3,322
GGTTCCATGTGTAATGGTTAGCACTCTGGA,3,323
GCATGGGTGATTCAGTGGTAGAATTCTAGC,3,324
ACACGGACAGGATTGACAGA,3,325
GGCTGGTCCGCAGGTAGTGAGTTATCTCAAT,3,326
GGCCGCCGGTGAAATACCACTAC,3,327
GTCGGTCGGGCTGGGGCGCGAAGCGGG,3,328
GCCGGTATCGTATAGTGGTTAGTACTCTGC,3,329
GCCCGGCTAGCTCAGTCGGTAGAGCATGAG,3,330
CGTGCCGCCGGTGAAATACCACTAC,3,331
AGCAGAGTGCGCAGCGGAAGCGTGCTGGGC,3,332
GCCGTGATCGTATAGTAGTTAGTACTCTGC,3,333
GGCCGTCATCGTATAGTGGTTAGTACTCTGC,3,334
TGTAAACATACCCGACTGGAAGCT,3,335
AAAAGGTGTTGGTTGATATAGACAGCAGGACGGTGGCCA,3,336
AATCCGCTAAGGAGTGTGTAACAACTCACCT,3,337
TCCCTGTGTCTAGTGGTTAGGATTCGGCG,3,338
GGTTCGTTTCCCGGTCAGGG,3,339
TGAGAAGACGGTCGAACTTGACTATC,3,340
TCCGTGATCGTATAGTGGTTAGTACTCTGCG,3,341
GGCCGTGATAGTATAGTGGTTAGTACTCTGCGTTG,3,342
AAACCGTTACCATTACTGAGT,3,343
TGCCGTGATCGTATAGTGGTTAGTACTCTGC,3,344
CGGGCCGCCAGTGAAATACCACTAC,3,345
GGCTGGTCCGAAGGTAGTGAGTTATCTAAAT,3,346
TCCTGTACTAAGCTGCCCCGA,3,347
GGCTCGTTTGGTCTAGGGGTATGATTCTCGGT,2,348
GCCGCCGGTGAAATACCACTAC,2,349
GGCTCGTTGGTCTAGGGGTATGATTCTCGCTT,2,350
CCCCCCACTGCTAACTTTGACTGGCTT,2,351
GGCCCTGGCGGAGCGCTGAGAAGACGGTCGAACTTGA,2,352
GTTTCCTTAGTGTAGTGGTTATCACGTTCG,2,353
GGCTGGTCCAATGGTAGTGGGTTACCAAAACT,2,354
GCCGGTATCGTATAGTGGTTAGTACTCTGCG,2,355
GGCTGGTCAGATGGTAGTGGGTTACCAGAAC,2,356
GCCGTGATCGTATAGTGGTTAGTACTCAGCG,2,357
GCCGTAATCGTATAGTGGTTAGTACTCTG,2,358
GTTTCCTTAGTGTAGTGGTTATCACGTTCGC,2,359
CCCTGGTCTAGTGGTTAGGATTCGG,2,360
GGCTGGTCCAAAGGTAGTGAGTTATCTCAAT,2,361
GGCTGGTCCGAAGGTCGTGAGTTATCTCAAT,2,362
CCCCCCACTACTAAATTTGACTGGCTT,2,363
GTGTAATGGTTAGCACTCTG,2,364
TAATGGTTAGCACTCTGGACTCTGAATCC,2,365
CCCCACTGCTAAATTTGACTGGCTT,2,366
GGCTCGTTGGTCTAGGGGTATGATTCTCGC,2,367
TAGTGTCACTAAAGTTGGTATACAACCCCCCACTGCTAAATTTGACTGGC,2,368
TATACAACCCCCCACTGCTAAATTTGACTGGC,2,369
GGCCGTGATAGTATAGTGGTTAGTACTCTG,2,370
CAACGGAATCCCAAACGCAGCTG,2,371
CAACGGAATCCCAAAAGCCGCTG,2,372
CAACGGAATCCCAAAAGCAGCTGA,2,373
GGCCGTATCGTATAGTGGTTAGTACTCTGCG,2,374
TATTGCACTTGTCCCGGCCTGTAA,2,375
GGATGGGAGACCGCCTGGGAATACCGGGTGCTGTAGGCTT,2,376
GGCCGTAATAGTATAGTGGTTAGTACTCTGCG,2,377
TCAAAGGTTCCGGGTTCGGGTCCCGGCGGAGTC,2,378
GGCCCTGGCGGAGCGCTGAGAAGACGGTCG,2,379
TCAAAGGTTCCGGGTTCGGTCCCGGCGGAGTC,2,380
ATTGCACTTGTCCCGGCCTGT,2,381
TCAAAGGTTCCGGGTTCGTGTCCCGGCGGAGTC,2,382
GGCCGTGATAGTATCGTGGTTAGTACTATGC,2,383
GGCCGTGATAGTATCGTGGTTAGTACTATGCGT,2,384
GCTTGGTCTAGGGGTATGATTCTCGCT,2,385
GGCTGGTCCGATGGTAGTGGGTTACCAGACCT,2,386
GCCGTGATCGTATAGTTGTTAGTACTCTGC,2,387
GCCGTGATCTTATAGTGGTTAGTACTCTGCG,2,388
GCCGTTATCGTATAGTGGTTAGTACTCTGC,2,389
TAATGGTTAACACTCTGGACTCTGAATC,2,390
CCAATTCAGACTACTCTCCCGCCCGTCCT,2,391
GCCTGGGAATACCGGGTGCTGTAGGCTT,2,392
GCGACCCGGGTTCGTTTCCCGGGCGGC,2,393
TACTTGGATGGGAGACCGCCTGGGAATACCGGGTGCTGTAGGCTT,2,394
GGCTCCGTGGCGCAATGG,2,395
GGCCGTGATCGTATCGTGGTTAGTACTATGC,2,396
GCTCGCTTGGTCTAGGGGTATGATTCT,2,397
TACCCATTGCATATCGGAGCTG,2,398
GCTGTGATCGTATAGTGGTTAGTACTCTGCG,2,399
GCTTGGTCTAGGGGTATGATTCT,2,400
GCCGAGATCGTATAGTGGTTAGTACTCTGC,2,401
GGCTGGTCCGCTGGTCGTGGGTTACCAGACC,2,402
GCCCTGGCGGAGCGCTGAGAAGACGGTCGAACTTG,2,403
GGTTCCGTAGTGTAGTGGTTATCACTTCTGCT,2,404
GGTTCCGTAGTGTAGTGGTTATCACGTCTGCTT,2,405
CTGACCTATGAATTGACAGCC,2,406
CGCCGCGGCCCGGGTTCGTTTCCCTGTCAGGG,2,407
CGCCGCGGCCCGGGTTCGTTTCCCTGTCAGG,2,408
CGCCGCGGCCCGGGTTCGTTTCCCGGTAAGG,2,409
GGTTCCATGGTGTAATGGTTAGCACTCTGG,2,410
GGTTCCATGATGTAATGGTTAGCACTCAGGA,2,411
GGTTCCATAGTGTAGCGGTTATCACGTCTG,2,412
GGTTCCATAATGTAGCGGTTATCACGTCTGC,2,413
GGTGCGAGAGGTCCCGGGTTCAGATCCCGGACGAGCC,2,414
GAAAGGTTGGTGGTTCGGGCCCACCCAGGGAC,2,415
GAATTCCACCACGTTCCCGTGG,2,416
GGTCCCATTGTGTAATGGTTAGCACTCTGGA,2,417
GACACGGACAGGATTGACAG,2,418
CGCCGCGGCACGGGTTCGTTTCCCGGTAAGG,2,419
CGCCGCGGCCCGGGTTTCCCGGTCAGG,2,420
CTCCGTTTGCCTGTTTTGCTGA,2,421
CGCAGCAACCTCGGTTCGAATCCGAGTCACGGC,2,422
GGTTCGTTTCCCGGGCGGC,2,423
CGGGCCGCCGGTGAAATACCACTA,2,424
GTTCCCGTAGTGTAGTGGTTATCACGTTCGCCT,2,425
GTGATCGTATAGTGGTTAGTACTCTGCG,2,426
GTGATCGTATAGTGGTTAGTACTCTGC,2,427
GTCGGTCGGGCTGGGGCGCGAAGCGGGG,2,428
CGTGATCGTATAGTGGTTAGTACTCTGC,2,429
CGCGGGAGGCCCGGGTTCGTTTCCCGGCCAATGCACC,2,430
GTCGGAATCCGCTAAGGAGTGTGTAACAACTCACCTGC,2,431
GTCCCATGGTGTAATGGTTAGCACTCTGGA,2,432
CTAAAGTTGGTATACAACCCCCCACTGCTAAATTTGACTGGCTT,2,433
CTAAGGGCTGGGTCGGTCGGGCTGGGGCGCGAAGCGGGGCT,2,434
GTAGAATTCTCGCCTGCCACGCGGGA,2,435
GTACTTGGATGGGAGACCGCCTGGGAATACCGGGTGCTGTAGGCTTTTGG,2,436
GTTTCAGTAGTGTAGTGGTTATCACGTTCGC,2,437
CGCGACCTCAGATCAGACGTGGCGACCCGCTGAAT,2,438
GGTCCCATGGTGTAATGGTTAGCACTCTGGAC,2,439
GACTCTTAGCGGTGGATC,2,440
GTTTCCGTAGTGTAGTGGTTATCACTTTCGCCG,2,441
GGCTTGGTCTAGGGGTATGATTCTCGCTT,2,442
GTTTCCGTAGTGTAGTGGTTATCACGTCCGCCT,2,443
CCTAGGACCATATCACGTTGAA,2,444
CCGTGATCGTCTAGTGGTTAGTACTCTGC,2,445
GCCCGGACACGGACAGGATTGACAGAT,2,446
GCCCGGATAACTCAGTCGGTAGAGCATCAGAC,2,447
GTGGTTCAGTGGTAGAATTCTCGC,2,448
GGCTGGTCCGCTGGTCGTGGGTTACCAGAAC,2,449
GGCTGGTCCGCAGGTAGTGAGTTATCTCAA,2,450
GTTTCCGTAGTGTAGTGGTTATCACGTTCGCTT,2,451
GTTTCCGTAGTGTAGTGGTTATCACTTTCG,2,452
GCCCGGCTAGCTCAGTCGGTAGAGCATGG,2,453
GGCTGGTCCGATGGTCGTGGGTTACCAGAACT,2,454
CCGCGGCCCGGGTTCGTTTCCCGGTCAG,2,455
GCCCTGGCGGAGCGCTGAGAAGACGGTCGA,2,456
GCCCTGGCGGAGCGCTGAGAAGACGGTCGAACT,2,457
GGCTTCTGTCGTGAGTGGCACACGTAGGGC,2,458
GTTTCCGTAGTGTAGTGGTTACCACGTTCGCCT,2,459
GTTTCCGTAATGTAGTGGTTATCACATTCGCCT,2,460
GTTTCCGTAGTGTACTGGTTATCACGTTCGCCT,2,461
GACTCTTAGCGGTGGATCACT,2,462
GAGACCGCCTGGGAATACCGGGTGCTGTAGGCTTT,2,463
GGGGCTACGCCTGTCTGAGCGTCGCT,2,464
GGGGATGTAGCTCAGTGGTAGAGCGCGCT,2,465
GTTTCCGTAATGTAGTGGTTATCACGTTC,2,466
GGGGATGTAGCTCAGTGGTAGAGCGCGCGCT,2,467
GGGCTTCTGTCGTGAGTGGCACACGTAAGGC,2,468
CGAGAGGTCCCGGGTTCATATCCCGGACGAGCC,2,469
GGGCCGCCGGTGAACTACCACTAC,2,470
CGAGAGGTCCCGGGTTCAGATCCCGGACGAGC,2,471
GTTTCCGTAATGTAGTGGTTATCACGTTCGCCG,2,472
GCATGGGTGGTTCAGTGG,2,473
GGCTTTGGTCTAGGGGTATGATTCT,2,474
GGCTTTGGTATAGGGGTATGATTCTCGAT,2,475
GTTTCCGTAGCGTAGTGGTTATCACGTTCGCCT,2,476
CTGGCGGAGCGCTGAGAAGACGGTCGAACTTGACTATC,2,477
GGCCCTGGCGGAGCGCTGAGAAGACGGTCGAACT,2,478
TCCCTGTGGTCTAGTGGTTAGGATTCGAC,2,479
AGTTGGTCCGAAAGCTGTGGGTTATCACA,2,480
TCCCTGTTGTCTAGTGGTTAGGATTCGGC,2,481
TCCCTGTTGTCTAGTGGTTAGGATTCGGCG,2,482
TTCCGTAGTGTAGTGGTTATCACGTTCGCC,2,483
TCCTGTGGTCTAGTGGTTAGGATTCGGC,2,484
TCCCACATGATCTAGCGGTTAGGATTCCTGGT,2,485
AACATTCAACGCTGTCGGTGA,2,486
AGCAGAGTGGCGCAGCGGAAGCGTGCTGGG,2,487
AGGCCCTCGGATCGGCCCCGCCGGGGTCGG,2,488
AGGCGCCGCCGCCCCCCCC,2,489
AGGGCGGAGGGAAGCTCATCAGTGGGGCTACGAGCTGAGTGCG,2,490
TTCGGCGCTCTCACCGCCGCGGCCCGGGTTCGTTTCCCGGTCAGGGAACT,2,491
TTCTTGCGACCCGGGTTCGTTTCCCGGGCGGCGC,2,492
AGCAGAGTCGCGCAGCGGAAGCGTGCTGGGC,2,493
TCCCATGGTCTAGCGGTTAGGATTCCTGGTTT,2,494
TCCTGTACTGCGCTGCCCCGAGT,2,495
TTGCGACCCGGGTTCGTTTCCCGGGCGGC,2,496
TCCCACATGATCTAGCGGTTAGGATTCATG,2,497
TTGCGACCCGGGTTCGTTTCCCGGGCGGCGC,2,498
ACCGATCCCGGAGAAGCCGGCGGGAGCCCCGGG,2,499
TGTAAACATCCCCGACTGGA,2,500
TGTAAACATCCTTGACTGGAAGCT,2,501
TCCCACATGGTCTAGCGGTTAGGATTCA,2,502
TCCCTGTGGTCTAGTGGTAGGATTCGGC,2,503
AGCTACATTGTCTGCTGGGTTTCT,2,504
TCCCTGTGGTCTAGTGGTTAGGATTCG,2,505
ATCAGAAGATTCTAGGTTCGGCTCCTGGCTGGCTC,2,506
ATCAGAAGGTTGCGTGTTCAAGTCACGTCGGGGTC,2,507
TCCCACATTGTCTAGCGGTTAGGATTCCTGGTTT,2,508
AAGCCGGCGGGAGCCCCGGG,2,509
TTCACCACCTTCTCCACCCAGC,2,510
AACCGCTCATTCAGATAATTG,2,511
TCCCTGTCCTCCAGGAGCTCACT,2,512
ATCATTCGTAGACGACCTA,2,513
ATCCCGGAGAAGCCGGCGGGAGCCCCGG,2,514
AGCAGTGGCGCAGCGGAAGCGTGCTGGGC,2,515
AAGCTGCCAATTGAAGAACTGT,2,516
ATCTCAGGGTCGTGGGTTCGTGCCCCACGTTGGGC,2,517
ACGTGCGCGAGTCAGGGGCT,2,518
AGTTGGTCCGCAAGCTGTGGGTTATCACATT,2,519
AAAGGGCTTCTGTCGTGAGTGGCACACGTAGGGC,2,520
AGGCCCTCGGATCGGCCCCGCCGGGGTCG,2,521
TCCCTGGTCTCGTGGTTAGGATTCGGCG,2,522
TTGGTGGTTCAGTGGTAGAATTCTCGC,2,523
ACCACAGGGTAGAACCACGGAA,2,524
AGAAGCCGGCGGGAACCCCGG,2,525
AATTCCACCACGTTCCCGTGG,2,526
TCCTGTACTGAGCTGCCCCGAGAT,2,527
AAAAAAGGGCTTCTGTCGTGAGTGGCACACGTAGGGC,2,528
TGAGGGGCAGAGAGCGAGAC,2,529
AGGGTTCAAGTCCCTGTTCGGGC,2,530
TCCCCTGTGGTCTAGTGGTTAGGATTCGGCG,2,531
TGAGGGGCAGAGAGCGAGCCTTTT,2,532
TGAACGCGCCCGATCTCGTCTGATCTCGGAAGCTAAGCAGGGTCGGGCCT,2,533
TCCCTGGTCTAGTGGTAGGATTCGGC,2,534
TCCCTGGTCAAGTGGTTAGGATTCGGCA,2,535
ACCACAGGGTAGAACCACGGA,2,536
TTGGATGGGAGACCGCCTGGGAATACCGGGTGCTGTAGGCTT,2,537
ACCACAGGGTAGAACCACGGACA,2,538
TCCCTAGTGGTCTAGTGGTTAGGATTCGGC,2,539
AGTCGGAATCCGCTAAGGAGTGTGTAACAACTCACCTGC,2,540
GGGCTACGCCTGTCTGAGCGTCGCT,1,541
GGCTTCGTCTAGGGGTATGATTCTCGCT,1,542
GGGCTGGTCCGATGGTAGTGGGTTACCAGAACT,1,543
GGCTTCGTCTAGGGGTATGATTCTCGCTT,1,544
TCTAAGTCAGCATCCATGCCAGAACGCGATG,1,545
GGGCTTCTGTCGTGAGTGGCACACGTAAGGCA,1,546
TCTAGGTATGGTCCCAGGGAT,1,547
TCTAAGTCAGAATCCATGCCAGAACGCG,1,548
GGGCCGCCGGTGAACTACCACTA,1,549
TGACCTATGAATTGACAGCC,1,550
GGGGATGTAACTCAGTGGTAGAGCGCATGC,1,551
GGGCTTCTGTCGTGAGTGGCACACGTAGGGCA,1,552
GGGGATTGTGGGTTCGAGTCCCATCTGGGTCGCCA,1,553
TCGTAACAAGGTCTCCGTTGGTGAACCAG,1,554
TCGTAACAAGGTTTCCGTAGGTGTACCTGCGGAAGGATCATTGTGGA,1,555
TGACGCGCATGAATGGATTAACGAGAT,1,556
GGGGCTACGCCTGTCTGAGCGTCGC,1,557
GGGGCAGTAGCTCAATTGGGAGA,1,558
TGACCTCGGATCAGGTAGGAATACCCG,1,559
TCGTTTCCCGGCCAATGCA,1,560
GGGCTTCTGTCGTGCGTGGCACACGTAGGGC,1,561
TCGTTTCCGGGTCAAGAGACCA,1,562
GGGGATGTAGCTCAGTGGTAGAGCCGCGCT,1,563
GGGGATGTAGCTCAGTGGTAGAGCATGC,1,564
GGGGATGTAGCTCAGCTGGGAGAGCGCGGGC,1,565
GGCTGTTCCGATGGTAGTGGGTTACCAAAAC,1,566
GGGCCCCGGACAGAGTTCTCTTTT,1,567
TCTAGTGGTTAGGATTCGGCGCTCT,1,568
TCTGAGGGTCCAGGGTTCAGGTCCCTGTTCGGGC,1,569
GGGCATGCCTGTTCGCGCGTCATT,1,570
TCTCTTGGTTCTGGCCTCGATGAA,1,571
TGAAAAGTTCGTTCGGGTTTTT,1,572
TCTCTGGTGGTCTAGTGGTTAGGATTCGGC,1,573
TCTCTGTGGTCTAGTGGTTAGGATTCGGCG,1,574
TCTTGAAACACGGACCAAGGAGTATAACA,1,575
TCTTCGGATGGATTTGAGTAAGAGCATAGCTG,1,576
GGCTTTGGTCTAGGGGTATGATTCTCG,1,577
TCTCTTGGTTCTGGCATCGATGAA,1,578
TCTTCCCTATCAACTTTCGATG,1,579
TGAATGGCTCAGTGAGGTGTCCGGACTTGCCCAGAGAGTT,1,580
GGCTTGGTCTAGGGGTATGATTCTCGTT,1,581
GGCTTGGTCTAGTGGTATGATTCTCG,1,582
TCTGGATTCATCGACTGTGGCCGGCTGGGTGTGGCGGACCGCTTTCAGGA,1,583
TCTGAGGGTCCAGGGTTCAAGTCCCTGTTCGGGCGCCA,1,584
TCTGCCTCAGCGTCGGGG,1,585
GGCTTGGTCTCGGGGTATGATTCTCGCT,1,586
GGCTTTGGTATAGGGGTATGATTCTCGCT,1,587
GGGGGATTAGCTCAAATGGTAGAGCTCGCT,1,588
GGCTTTTGTCTAGGGGTATGATTCTCGCTT,1,589
GGGAAGATGGTCAGTAGGACAGAGGGTAACATCGATGACTCGCTCAT,1,590
TGAACAACTACGTGGAAGATCTCCCATGTT,1,591
GGGATGAGATGGTTGGATGGCGTCATCGACTC,1,592
TCTATTGAGACTTAGCCTTTCGACCGGGGATTTGT,1,593
GGCTTGGTCTCGGGGTATGATTCTCGGT,1,594
TCTCACATGATCTAGCGGTTAGGATTCATGGTTT,1,595
GGCTTGGTCAAGGGGTATGATTCTC,1,596
GGGAGTTTGGCTGGGGCGGCACATCTGAAACCATAACGCAG,1,597
TCTCAGGGTCGTGGGTTCGGGCCCCACGTTGGGC,1,598
GGGAGGTGGAGCATGCGCGCACGTGTTAGGACCCGA,1,599
GGGAGGCCCGGGTTCGTTTCCCGGCCAATGC,1,600
GGGACACTGGTCTGGCTGCTTCCAACTCAAAACCCAGG,1,601
TCTCCCAACCCTTGTACCAGT,1,602
GGCTTGGTCAAGGGGTATGATTCTCGCA,1,603
TGAACGCGCCCGATCTCGTCTGATCTCGGAAGCTAAGCAGGGTCGGGTGG,1,604
TCTCCGAATGAGGCAACTTTTATACTAAT,1,605
TGAACGCGCCCGATCTCGTC,1,606
GGGGGATTAGCTCAAATGGTAGAGCCTCGC,1,607
TCAGAAGGTTGCGTGTTCAAGTCACGTCGGGGTC,1,608
GGGGGATTAGCTCAAATGGTAGAGCTCGCTT,1,609
GGTTCCATAGTGTAGCGGTTATCACGTCT,1,610
GGTTCCATAGTGTAATGGTTAGCACTCTGGA,1,611
TCCTGTACTGCGCTGCCCCGAA,1,612
GGTTCATGTCCCTGTTCGGGC,1,613
GGTTCATCCCGGACGAGCC,1,614
GGTTCATCCCGGACGAGC,1,615
GGTTCAGATCCCGGCCGAGCC,1,616
GGTTCAGATCCCGGACGAGCC,1,617
GGTTCAAGTCCCTGTTCGGGC,1,618
GGTTAGTACTTGGATGGGAGACCGCCTGGGAATACCGGGTGCTGTAGGCT,1,619
GGTTAGTACTTGGATGGGAGACCGCCTGGGAATACCGGGTGCTGTAG,1,620
GGTGGGTCGGGGCGGGGCG,1,621
GGTGGATTAACTCAAATGGTAGAGCCTAGCT,1,622
GGTGCGAGAGGTCCCGGGTTCATCCCGGACGAGCC,1,623
GGTGCGAGAGGTCCCGGGTTCATATCCCGGACGAGCC,1,624
TCCTGTACTGCGCTGCCCCGAGAAT,1,625
GGTGCGAGAGGTCCCGGGTTCAGATCCCGGACGAGC,1,626
GGTCTTCTGACGTGAGTGGCACACGTAAGGC,1,627
GGTCTACGCCTGTCTGAGCGTCGC,1,628
GGTCTACGCATGTCTGAGCGTCGC,1,629
GGTCGTGATAGTATAGTGGTTAGTACTCTGC,1,630
GGTCGGTCGGGCTGGGGCGCGAAGCGGG,1,631
GGTTCCATAGTGTAGCGGTTATCACCTCTG,1,632
GGTTCCATAGTGTAGCGGTTATCACGTCTGC,1,633
GGGGGATTAGCTCAAATGGTAGAGCTCTCGC,1,634
GGTTCCATAGTGTAGTGGTTATCACGTCTGC,1,635
TCCTGTACTGAGCTGCCCCGAAGT,1,636
GGTTCCATGTGTAATGGTTAGCACTCTGGACTCTGAATCCAGCGATCCGA,1,637
TCCTGTACTGAGCTGCCCCGACT,1,638
GGTTCCATGGTGTATTGGTTAGCACTCTGGA,1,639
GGTTCCATGGTGTACTGGTTAGCACTCTGGACTC,1,640
TCCTGTACTGAGCTGCCCCGAGAG,1,641
GGTTCCATGGTGTACTGGTTAGCACTC,1,642
GGTTCCATGGTGTAATGTTAGCACTCTGGA,1,643
TCCTGTACTGAGCTGCCCCGAGG,1,644
TCCTGTACTGAGCTGCCCCGATTT,1,645
TCCTGTACTGAGCTGCCCCGT,1,646
TCCTGTACTGAGCTGCCCCGTG,1,647
TCCTGTACTGAGCTGCCCGAA,1,648
GGTTCCATGGTGTAATGGTTAGCACTCTG,1,649
GGTTCCATGATGTAATGGTTAGCACTCTGGA,1,650
GGTTCCATGATGTAATGGTTAGCACTCAGGACTC,1,651
TCCTGTACTGAGTTGCCCCGAG,1,652
GGTTCCATGACGTAATCGTTAGCACTCTGGA,1,653
TCCTGTACTGCGCTGCCC,1,654
GGTTCCATCGTGTAATGGTTAGCACTCTAGACTC,1,655
GGTTCCATCATGTAATGGTTAGCACTCAGGA,1,656
GGTCGCGCAGAGTCGGAC,1,657
GGTCCGCCGGTGAAATACCACTA,1,658
GGTCCCGTAGTGTAGTGGTTATCACGTCTGCT,1,659
TCCTGTACTGCGCTGCCCCGAGTGT,1,660
GGGTCTTGTAATTGGAATG,1,661
TCGCCGTGATCGTATAGTGGTTAGTACTCTGC,1,662
GGGTCCAGGGTTCAGGTCCCTGTTCGGGC,1,663
TCGCTGCGATCTATTGAAAGTCAGCCCTCGACACAAGGGTTTG,1,664
TCGGAAGCTAAGCAGGGTCGGGCCTGG,1,665
GGGTCAAGGGGTCCCTGTTCGGGC,1,666
TCGGAGAAGCCTGCTAGTGA,1,667
GGGGTACTGTACGCATGAGAGTA,1,668
TCGGATCCGTCTGAGCTT,1,669
TCGGATCCGTCTGAGCTTGG,1,670
GGCTGGTCCGCTGGTAGTGGGTTACCAGACC,1,671
GGGGGTGTAGCTCAGTGGTAGAGCATGTGC,1,672
GGGGGTGTAGCTCAGTGGTAGAGAGCGTGCT,1,673
TCGGTCGTCCGACCTGGGTATAGGGGCGAAAGACTAATCGAACCTGG,1,674
GGGGGTGTAGCTCAGTCCCCGGCACCTCC,1,675
GGGGGTGTAGCAGTGGTAGAGCGCGTG,1,676
GGGGGTATAGCTCAGTGGTAGAGCATTTGCC,1,677
GGGGGTATAGCTCAGTGGCAGAGCATT,1,678
GGGGGGGTTCCCGGGGCCGGGAGCGGC,1,679
GGGGGCCTCATAACCCAATTCAGACTACTCTCCCGCCCGTCCT,1,680
GGGGGATTAGCTCACATGGTAGAGCTCGCT,1,681
TCGCAAGGCTGAAACTCAAA,1,682
GGGTTCCATTGTGTAATGGTTAGCACTCTGGA,1,683
GGGTTCGTTTCCCGGTCAGGG,1,684
GGTCCAGGGATCATGTCCCTGTTCGGGC,1,685
TCCTGTACTGCGCTGCCCCGAGTTT,1,686
TCCTGTATTGAGCTGCCCCG,1,687
TCCTGTGGTCTAGTGGTTAGGATTCGGCG,1,688
TCCTTCGATGTCGGCTCTTCCTATCATTGTG,1,689
GGTCCCATGGTGTACTGGTTAGCACTCTGGA,1,690
TCCTTGAGATCCTCTCTGG,1,691
TCCTTGGTTAGTTCTGCTGGAAGAGCGCAGTGAGA,1,692
GGTCCCATGATGTAATGGTTAGCACTCAGGA,1,693
GGTCCAGGTCCCTGTTCGGGCGC,1,694
GGTCAGTCGGTCCTGAGAGATGGGCGA,1,695
GGGTTCGTTTCCCGGTCAGGGA,1,696
TCGAATATGTTAGCATGGAATAA,1,697
GGTAGTGGGTTACCAGAACTTATTAACGTTAGTGTCACTAAAGTT,1,698
TCGAATCTTTGAACGCACATTGCGCCCGCCAGT,1,699
GGTAGTGGGTTACCAGAACT,1,700
TCGACTGCATAATTTGTGGTAGTGGGG,1,701
TCGATTCCCTGTACCGGA,1,702
GGTAGACGCGGCAGACTCAAAATCTGTT,1,703
GGTACGGACAAGGGGAATC,1,704
GGTAAGAGGAGTTCGACTCCCCTACGGGCTGCCA,1,705
TGAGAAGACAGTCGAACTTGACTATC,1,706
TGAGGTCCCGGGTTCGATCCCCAGCATCTC,1,707
TGAGACCTCCGGGTTCTGAGA,1,708
TGAGATGAAGCACTGTAGCT,1,709
GGCGCGCCCCCGCCGCGCGCGTCGGGGGGGGGCC,1,710
GGCGACTGAACGATGAAAACTACCCTGGTGAAGGGAATGAAAG,1,711
GGCCTTGATCGTATAGTGGTTAGTACTCTGCGT,1,712
GGCCGTTATCGTATAGTGGTTAGTACTCTGCG,1,713
GGCCGTTATAGTATCGTGGGTAGTACTATG,1,714
GGCCGTGGTCGTATAGTGGTTAGTACTCTGC,1,715
GGCCGTGATCTTATAGTGGTTAGTACTCTGCG,1,716
GGCCGTGATCGTATCGTGTTAGTACTCTGCG,1,717
TTCCGTAGTGTAGTGGTTATCACGTCTGC,1,718
TTCCGTAGTGTAGTGGTTATCACGTTCGC,1,719
TTCCGTAGTGTAGTGGTTATCACGTTCGCCTC,1,720
TTCGAGGGTTTGAGCATTTC,1,721
TTCGCGTCTGAAGCTCGAGAT,1,722
GGCCGTGATCGTATAGTGTTAGTACTCTGC,1,723
TTCGGAAGCATAATTTTTGGTAATAGGGCAGCTGG,1,724
TTCGGAAGGGATGTATTTATTAGATTAAAAACCAATGCC,1,725
GGCCGTGATCGTATAGTGGTTAGTACTCTGCT,1,726
GGCCGTGATCGTATAGTGGTTAGTACTCTGCGTTGTTTAATTCTCGGGTG,1,727
TTCGGAGGATGGCTCATCAAGCG,1,728
GGCCGTGATCGTATAGTGGTTAGTACTCTGCGTTGTGGCCGCAGCAACCT,1,729
GGCCGTGATCGTATAGTGGTTAGTACTCTGCGTTGA,1,730
GGCGGAGCGCTGAGAAGACGGTCG,1,731
GGCGGAGCGCTGAGAAGACGGTCGAACTTGA,1,732
GGCGGAGCGCTGAGAAGACGGTCGAACTTGACTATC,1,733
GGCTCCGTGGCGCAATGGATAGCGCATTGGAC,1,734
GGCTCGTTCGTCTAGGGGTATGATTCTCGCTT,1,735
TTCACAGTGGCTAAGTTCTGC,1,736
TTCAGACAGAACGTGCGTACCAAAAGCAACCGACCATC,1,737
TTCAGCATCATTCCCTCCAAAGAAATCCCAGGGCTG,1,738
GGCTCGTTCGTCTAGGGGGATGATTCTCGCT,1,739
GGCTCGTTAGTCTAGGGGTATGATTCTCGCT,1,740
GGCTCGTTAGTCTAGGGGTATGATTCTC,1,741
TTCAGTGGTAGAATTCTCGCCTGCCA,1,742
GGCTCGCTTGGTCTCGGGGTATGATTCTC,1,743
TTCATCCAGACAGCCGGACG,1,744
GGCGGCGACTCTGGACGCGAGCC,1,745
GGCTCCGTAACTCAGGGGTTAGAGCACTGGT,1,746
GGCTCCATAGCTCAGGGGTTAGAGCACTGG,1,747
GGCTCATTGATCTAGGGGTATGATTCT,1,748
TTCCACCACGTTCCCGTGG,1,749
TTCCGATAACGAACGAGACTCTAGCCTGCTAAATAGTACGCCGAT,1,750
GGCTCATTCGTCTAGGGGTATGATTCTCGCTT,1,751
GGCTAACCCTAATGAGCTTAATCAAGATGATGCTCGTTATGGTTTCCGTT,1,752
GGCGGGCATGCCTGTTCGCGCGTCATT,1,753
GGCGGCGGCGGCGACTCTGGACGCGAGCC,1,754
TTCTAAATTTGACTGGCT,1,755
TTCTTGCGACCCGGGTTCGGTTCCCGGGCGGCGC,1,756
TTGAGAACTACTCTACCCCTAAGGTCTTGGTTATTCCCA,1,757
GGCCGTAATCGTATAGTGGTTAGTACTCTGCGTTG,1,758
TTTCGCGTATTGTAATTTCAACACGAGCGGG,1,759
TTTGACTCGTTCGGCACCT,1,760
GGCCGTGATAGTATAGTAGTTAGTACTCTGCG,1,761
GGCCGTCATCGTATAGTGGTTAGTACTCTGCGT,1,762
TTTGCCACGATCGACTGAGATTCAGCCCTTGTTCTGTAGATTTGT,1,763
TTTGGATGGACTCGCGGCCTATC,1,764
GGCCGTCATCGTATAGTGGTTAGTACTATGC,1,765
TTTGGTAAGAAGAACTGGCGATGCGGGATG,1,766
GGCCGTATCGTATAGTGGTTAGTACTCTGC,1,767
TTTGTTCGTTCGGCTCGCGTG,1,768
TTTCCGTAGTGTAGTGGTTATCACGTTCGCCT,1,769
TTTTCAGTACCAATACAAACC,1,770
TTTTCCGTAGTGTAGTGGTTATCACGTTCGCCT,1,771
TTTTCCGTAGTGTAGTGGTTATCACTTCG,1,772
GGCCGAGATCGTATAGTGGTTAGTACTCTGCG,1,773
GGCCGAAATAGTATAGTGGTTAGTACTCTGCG,1,774
GGCCCTTTGGTCTAGGGGTATGATTCTCGCTT,1,775
GGCCCTGGCGGAGCGCTGAGAAGACGGTCGAACTTGACTATC,1,776
TTTTGTTTGGAGAGTTTGATCCTGGCTCAGGACG,1,777
GGCCCTGGCGGAGCGCTGAGAAGACGGTCGAACTTGAC,1,778
GGCCGTGATAGTATAGTGGTTAGTACTC,1,779
TTTATTAGAGGTAGAGCTACTGAT,1,780
GGCCGTGATCGTATAGTGGTTAGTACTCT,1,781
GGCCGTGATAGTATCGTGGTTAGTACTCTGCGT,1,782
GGCCGTGATCGTATAGTGGTTAGTACTCAGCG,1,783
TTGATATAGACAGCAGGACGGTGGCCATGGAAGTCGGAATCC,1,784
TTGCGACCCGGGTTCGTTTCCCGGGCGGCG,1,785
GGCCGTGATCGTATAGTGGTTAGTACCCTGCG,1,786
TTGCTTTCCGTGACAAGTTCAA,1,787
TTGGAAAACTCGGGATCCCGTCCG,1,788
GGCCGTGATCGTATAGTGGTTAGTAC,1,789
GGCCGTGATCGTATAGTAGTTAGTACTCTGC,1,790
GGCCGTGATCGAATAGTGGTTAGTACTCTGCG,1,791
TTGGACCTGATATCAGACAAGATTACCCGCTGAAT,1,792
TTGTTCGATTCTACCCAGCGGCAC,1,793
TTGGATTGTTCACCCACTAATAGG,1,794
TTGGGCTACTCCGTCGTGTCCAGGCCAACATCGGTTCTGGGGGTCGGTGG,1,795
TTGGTGGTTCAGTGGTAGCATTCTCGC,1,796
GGCCGTGATAGTATCGTGGTTAGTACTATGCG,1,797
TTGTAAAGCACTGTCGAGG,1,798
TTGTGGTTCAGTGGTAGAATTCTCGC,1,799
GGCCGTGATAGTATAGTGGTTAGTACTCTTC,1,800
TTGTTAGTACTTGGATGGGAGACCGCCTGGGAATACCGGGTGCTGTAGGC,1,801
GGCCGTGATAGTATAGTGGTTAGTACTCTGCGT,1,802
TTCACAGTGGCTAAGTTCCG,1,803
TTCAAGTCTGAAATCGGGGATCAATTCCCCGTGGGTGC,1,804
GGCTCGTTCGTCTAGGGGTATGATTCTCGGT,1,805
GGCTGGTCCGATGGTAGTGGGTTACCAAAACTT,1,806
TGCGACCCGGGTTCGTTTCCCGGGCGGCGC,1,807
TGCGAGAGGTCCCGGGTTCAAATCCCGAACGAGCC,1,808
TGCGAGAGGTCCCGGGTTCAAATCCCGGACGAGCC,1,809
TGCGATAACGAACGAGACTTAAC,1,810
TGCGGGGCTAGGGCTAACAGCT,1,811
GGCTGGTCCGATGGTAGTGGGTTACCAG,1,812
GGCTGGTCCGATGGTAGTGGGTTACCAAAACTTATTAACGTTAGTGTCAC,1,813
TGCGGTAACGCAACCGATCCCGGAG,1,814
TGGAGCATGAGCGCACGTGTTAGGAC,1,815
TGGAGCGGGAAGAGCTCAGGATGTGAATCTGCGC,1,816
TGCGACCCGGGTTCGTTTCCCGGGCG,1,817
TGGCGGAGCGCTGAGAAGACGGTCGAACTTG,1,818
TGGCTCAGTTCAGCAGGAAC,1,819
TGGGGAATACACCTGAACCCGTCCGATTTCA,1,820
TGGGGTGTCGCCAAGTGGTAAGGCTGTGGACTTTGACTCCGCC,1,821
TGGTGACTCTAGATAACCTCGGGCCGATC,1,822
GGCTGGTCCGATGGTAGTGGGATACCAGAAC,1,823
GGCTGGTCCGATGGTAGTG,1,824
TGGTTCAGTGGTAGAATTCTCGCCTGCCACGCGGGAGGCCC,1,825
TGGTTCAGTGGTAGACTTCTCGC,1,826
GGCTGGTCCGATGGTAGTGGGTTACCAGAACTTATTAACGTTAGTGTCAC,1,827
TGCGACCCGGGTTCGTTTCCCGGG,1,828
GGCTGGTCCGAAGGTCGTGAGTTATCTCACT,1,829
TGAGGTAGTAGTTTGTGCTGTT,1,830
GGCTGGTCCGCAGGTCGTGAGTTATCTCACTT,1,831
GGCTGGTCCGCAGGTCGTGAGTTATCTCAAT,1,832
GGCTGGTCCGCAGGTCGTGAGTTATCTCAA,1,833
TGAGGGGCAGAGAGCGAGACT,1,834
TGAGGGGCAGAGAGCGAGACTTA,1,835
TGAGGGTCCAGGGGTCCCTGTTCGGGCG,1,836
TGAGGGTCCAGGGTTCAAGTCCCTGTTCGGGC,1,837
GGCTGGTCCGATGGTCGTGGGTTACCAGACCT,1,838
TGAGGTAGTAGATTGTATAGTT,1,839
TGAGGTAGTAGTTTGTGCTGTTA,1,840
GGCTGGTCCGATGGTAGTGGGTTACTAGAACT,1,841
GGTTCCATTGTGTAATGGTTAGCACTCTGGACTC,1,842
TGATGGGCATTTAAACAACTCCTTGGGCTCTCCAGTT,1,843
TGCCAAGGATGTTTTCATT,1,844
GGCTGGTCCGATGGTCGTGGGTTACCAGACC,1,845
TGCCCAGTGCTCTGAATGTCAAAGTGAAGGAATTCAA,1,846
TGCCGAACGCTGACCCTCTGGT,1,847
GGCTGGTCCGATGGTAGTGGGTTATCAGAAC,1,848
TGCCGGTAATGCGTAGTCATCTGC,1,849
TGCCGTGATCGTATAGTGGTTAGTACTCTGCGTTG,1,850
GGCTGGTCCGAGGTAGTGGGTTACCAGAACT,1,851
GGCTGGTCCGAAGGTCGTGAGTTATCTCAA,1,852
TTCAAGTAATCCAGGATAGGCT,1,853
GGCTCGTTTGGTCTAGGGGTATGATTCTCGCT,1,854
TTACCCTACTGATGACCTCATCG,1,855
TTAGGATTCGGCGCTCTCCCCGCCGCGGCCCGGGTTCGTTTCCCGGTCAG,1,856
GGCTGATCCGATGGTAGTGGGTTACCAGAACT,1,857
TTAGTACTTGGATGGGAGACCGCCTGGAAATACCGGGTGCTGTAGGC,1,858
GGCTCTTTGTCTAGGGGTATGATTCTCGCTT,1,859
TTAGTACTTGGATGGGAGACCGCCTGGGAATACCGGGTGCTGTAGGC,1,860
GGCTCGTTTGTCTAGGGGTATGATTCTCGC,1,861
TTAGTGTCACTAAAGTTGGTATACAACCCCCCACTGCTAAATTTGACTGG,1,862
TTATACTTGATGCAACCTGACCT,1,863
GGCTCGTTTGGTCTAGGGGGATGATTCTC,1,864
TTAAATGGAAATGATTAGTGAATATAAAGATTA,1,865
GGCTCGTTGGTCTAGTGGTATGATTCTC,1,866
GGCTCGTTGGTCTAGGGGTATGATTCTCGGT,1,867
TTATCAGAATCTCCAGGGGTAT,1,868
TTATCCGGTAAAGCGAATGATTAGAGGTCTTGGGGC,1,869
TTATTTCCTAGACAAATTAGAGCCAATACCATCAGCTTTACCGTCTTT,1,870
TTCAAAGGTTCCGGGTTCGTCCCGGCGGAGTCGCCA,1,871
TTCAAAGGTTCCGGGTTCGTGTCCCGGCGGAGTC,1,872
TTCAAAGGTTGTGGGTTCGAGTCCCACCAGAGTC,1,873
GGCTCGTTGGTCTAGGGGTATGATTCTA,1,874
TTAAGCGGAGGAAAAGAAACTAACCAGGA,1,875
TTAAATCCTCTGTAGACGACTTAACT,1,876
GGCTGGTCCGAAGGTAGTGGGTTATCTCAAT,1,877
TGTAGTGGTTATCACTTTCGCCTGACACGCG,1,878
TGTAAACATCCTCGACTGGAAGCT,1,879
TGTAAACATCCTTGACTGGAAGC,1,880
TGTAACAGCAACTCCATGT,1,881
GGCTGGTCCGAAGGTAGTGAGTTATCTCAATTGATTGTT,1,882
GGCTGGTCCGAAGGTAGTGAGTTATCTCAATTGATT,1,883
TGTAATGGTTAGCACTCTGGACTTTGAATCC,1,884
TGTACACATCCCCGACTGGAAGCT,1,885
TGTAGTGGTATCATGCAAGATTCCCATTCTTGCGACCCGGGT,1,886
GGCTGGTCCGAAGGTAGTGAGTTATCTCA,1,887
TGTCAAAGTCGAGTAGTACTAATTGTCC,1,888
TTAAATATGTCAGAAGTCCTTGTTGCTTAATTGAAC,1,889
GGCTGGTCCGAAGGTAGTGAGTTATCTAAA,1,890
GGCTGGTCCGAAGGTAGTGAGTTAGATCGA,1,891
GGCTGGTCCCATGGTAGTGGGTTACCAAAACT,1,892
TGTTCTGGGACGCACGCGCGC,1,893
GGCTGGTCCAATGGTAGTGGGTTACCAAAAC,1,894
GGCTGGTCCAAAGGTAGTGAGTTATCTCAATT,1,895
TGTTTTGCCTTGGAGTTGTAGGGTGAGGATGCTA,1,896
GGCTGGTCCAAAGGTAGTGAGTTATCTCAA,1,897
TTAAAGACCATGAACCAGCTCTACTCAC,1,898
GGTTCCATTGTGTAATGGTTAGCACTCTGGACT,1,899
GGTTCCGTAGTGTAGTGGTTATCACGTCTTCT,1,900
GGTTCCCTAGTGTAGTGGTTATCACGTCTGC,1,901
GTTTGGTGGTCATAGCAC,1,902
NTTTCCGTAATGTAGTGGTCATCACGTACGCCT,1,903
NTTCTATTTTGTTGGTTTTCGGAAC,1,904
NTGGACAAAAAATAGAACTGGCCAAATGTGAATT,1,905
NTGAAGTTGGAATCGCTAGTAATCGCGGATC,1,906
TCCCACATGTCTAGCGGTTAGGATTCCTG,1,907
NTCAGAAGGATGCGTGTTCAAGTCACGACGGGGTC,1,908
TCCCACATGTCTAGCGGTTAGGATTCCTGGT,1,909
NGCTTGGTCTAGTGGTATGATTCTC,1,910
NGCCGTGATCGTATAGTGGTTAGTACTCTGC,1,911
NGCCGTGATAGTATAGTGGTTAGTACTATGC,1,912
TCCCACATTGTCTAGCGGTTAGGATTCCTGG,1,913
NGCAGCATTGTACAGGGC,1,914
NCCGTGATCGTATAGTGGTTAGTACTCTGCG,1,915
NCCGTGATCGTATAGTGGTTAGTACTCTGC,1,916
NCCCACATGATCTAGCGGTTAGGATTCATGGT,1,917
TCCCATACGTCTAGCGGTTAGGATTCCTGG,1,918
NCATGGGTGGTTCAGTGGTAGAATTCTCGC,1,919
TCCCATATCGTCTAGCGGTTAGGATTCCT,1,920
GTTTTCCATAGTGTAGTGGTTATCACGTTCGC,1,921
TCCCATATCGTCTAGCGGTTAGGATTCCTGGT,1,922
TCCCATATGATCTAGCGGTTAGGATTCATG,1,923
NTTTCCGTAGTGTAGTGGTTATCACGTTCGCC,1,924
NTTTCCGTAGTGTAGTGGTTATCACGTTCGCCT,1,925
TAAAACTGCCACAGGTAGGCG,1,926
TCCCACATGTCTAGCGGTTAGGATTCCAGG,1,927
TAAGGGTCTTTTCGGAGA,1,928
TAAGGGAAGTCGGCAAAATAG,1,929
TAAGCTAACCAGTACTAATTGCTCGTGCGGCT,1,930
TAAGCCTTGGTTGTGGGATCTGT,1,931
TAAGCAGGGACGGGCCTGGTTAGTACTTGGATGGGAGACCGCCTGGATTT,1,932
TCCCACATGGTCTAGCGTTAGGATTCCTGG,1,933
TCCCACATGGTCTAGCGTTTAGGATTCCTGG,1,934
TAACGTTAGTGTCACTAAAGTTGGTATACAACCCCCCACTGCTAAATTTG,1,935
TAACGTTAGTGTCACTAAAGTTGGTATACAACCCCCCACTGCTAAATTT,1,936
TAACCGAAAGGTTGGTGGTTCGGGCCCACCCAGGGAC,1,937
TAAAAGGTGATAGTCCTGTAACC,1,938
TAACCATAAACTATGCCGACTA,1,939
TAAATCCTTCCGCGAGGATCCATTGGAGGGCAAGTCTGGTGCC,1,940
TAAAGTTGGTATACAACCCCCCACTGCTAAATTTGACTGGCTTT,1,941
TAAAGTTGGTATACAACCCCCCACTGCTAAATTTGACTGGCTT,1,942
TAAAGTGCTGACAGTGCAGATAT,1,943
TAAAGCGAAAGATTAGAGGTCTTGGGGCCGAAA,1,944
TCCCACATGTCTAGCGGTTAGGATTCCT,1,945
TAAACCAGGGGTCGCGAGTTCATATCTCGCTGGGGCC,1,946
TAAAAGTCGTAACAAGGTCTCCGTT,1,947
GTTTTCAGTTTTATGAGGTAAAGCGAATG,1,948
GTTTCTGTAGTGTAGTGGTTATCACGTTCGCCT,1,949
GGTTCCGTAATGTAGTGGTTATCACCTCTGCTTT,1,950
GTTTCTGTAGTGTAGTGGTTATCACGTTC,1,951
TCCCATGGTCTAGCGGTTAGGATTCCTG,1,952
GTTTCCGTAGTGTAGTGGTTATCACTTTCGCA,1,953
TCCCATGGTCTAGCGGTTAGGATTCCTGGTT,1,954
GTTTCCGTAGTGTAGTGGTTATCACTTACGCCG,1,955
GTTTCCGTAGTGTAGTGGTTATCACGTTCGTG,1,956
TCCCATGGTCTAGCGTTAGGATTCCTGGT,1,957
GTTTCCGTAGTGTAGTGGTTATCACGTTCGCTGGAATTCTCTGGGGCCAA,1,958
GTTTCCGTAGTGTAGTGGTTATCACGTTCGCCTTGGATTCCTCGGGTGCC,1,959
GTTTCCGTAGTGTAGTGGTTATCACGTTCGCCTTGGAATTCGAACTCGGG,1,960
GTTTCCGTAGTGTAGTGGTTATCACGTTCGCCTG,1,961
GTTTCCGTAGTGTAGTGGTTATCACGTTCGCCTCACACGCGAAAGGTCCC,1,962
GTTTCCGTAGTGTAGTGGTTATCACGTTCGCCTC,1,963
TCCCATGGTCTAGCTGTTAGGATTCCTGG,1,964
TCCCCGTGGTCTAGTGGTTAGGATTCGGCGCT,1,965
GTTTCCGTAGTGTAGTGGTTATCACGTTCGCCA,1,966
TCCCCTGTGATCTAGTGGTAGGATTCGAC,1,967
TCCCGGAGAAGCCGGCGGGAGCCCCGG,1,968
TCCCGGAGAAGCCGGCGGGAGCCCTGG,1,969
TCCCGTCCGCTCTGTGAAGTTAAGCA,1,970
TCCCGTGGGGTGGGTCGGG,1,971
GTTTCCGTAGTGTAGTGGTTATCACGTTCAC,1,972
TCCCATGGTCTAGCGGTTAGGATTCCT,1,973
TCCCATGGTCTAGCGGTTAGGATTCC,1,974
GTTTCCGTAGTGTAGTGGTTATCATGTTCGCCT,1,975
TCCCATATTGTCTAGCGGTTAGGATTCCTGGTTT,1,976
GTTTCTGTAGTGTAGTGGTTATAACGTTCG,1,977
TCCCATATGATCTAGCGGTTAGGATTCCTGG,1,978
GTTTCCTTAGTGTAGTGGTTATCACGTTCGCC,1,979
TCCCATATGGTCTAGCGGTTAGGATTCATGG,1,980
TCCCATATGGTCTAGCGGTTAGGATTCATGGTT,1,981
TCCCATATGGTCTAGCGGTTAGGATTCATGGTTT,1,982
TCCCATATGGTCTAGCGTTAGGATTCCTGGT,1,983
TCCCATATGTCTAGCGGTTAGGATTCC,1,984
GTTTCCTTAATGTAGTGGTTATCACGTACGC,1,985
GTTTCCTAGTGTAGTGGTTATCACGTTCGCCT,1,986
GTTTCCGTAGTGTAGTGGTTCTCCGGTTCGCCT,1,987
GTTTCCGTATTGTAGTGGTTATCACGTTCGCCT,1,988
GTTTCCGTATTGTAGTGGTTATCACGTTCGC,1,989
GTTTCCGTAGTTTAGTGGTTATCACGTTCGCCT,1,990
GTTTCCGTAGTGTATTGTTTATCACGTTCGCCT,1,991
GTTTCCGTAGTGTAGTTGTTATCACTTTCGCCT,1,992
GTTTCCGTAGTGTAGTGTTATCACGTTCGCC,1,993
GTTTCCGTAGTGTAGTGGTTTTCACGTTCGCCT,1,994
GTTTCCGTAGTGTAGTGGTTTTCACGTTCGC,1,995
GTTTCCGTAGTGTAGTGGTTGTCACGTTCGCC,1,996
TAATCCGAAGGGGCTGCGAGGTCAGGCTGTAACCGGGTT,1,997
TAATCTGAAAGTCCTGAGTTCGTGCCTCAGAGAGGGC,1,998
TAATCTGAAGGTCCTGAGTTCGGGCCTCAGAGAGGGC,1,999
TAATGGTGAGCACTCTGGACTCTGAATCC,1,1000
TCCACCACGTTCCCGTGG,1,1001
TATTGCACTTGTCCCGGCCTGC,1,1002
TCCAGTAGAACAAAAGGGTAAAAGTCCTCTT,1,1003
TCCATGGTCTAGTGGTAGGATTCGG,1,1004
TCCCACATAGTCTAGCGGTTAGGATTCC,1,1005
TCCCACATAGTCTAGCGGTTAGGATTCCTG,1,1006
TATTGCACTAGTCCCGGCCTGT,1,1007
TATTCCGTAGTATAGTGGTCATTATG,1,1008
TATTACCTTCGGGGGTAGAGCACTGTTTTGGCTAGGGGGTCAT,1,1009
TATGTCAGACTTCCAAGAAAAGCTCGCA,1,1010
TATGTCAGACTTCCAAGAAAAG,1,1011
TATGGATGTGAGAGTTGGACTGTGAAGAAAGCTGAGCACCAAAGAATTGA,1,1012
TATGATTCTCGCTTGGGGTGCG,1,1013
TATCGTACTGTCCGTTCTTTTGTGCGCT,1,1014
TCCCACATCGTCTAGCGGTTAGGATTCCTGGT,1,1015
TATACAACCCCCCACTGCTAAATTTGACTGGCT,1,1016
TCCCACATGACTAGCGGTTAGGATTCC,1,1017
TATACAACCCCCCACTGCTAAATTTGACT,1,1018
TATACAACCCCCCACTGCTAAATTTGAATGGC,1,1019
TATACAACCACCCACTGCTAAATTTGACTGGCTT,1,1020
TATACAACCACCCACTGCTAAATTTGAATGGCTT,1,1021
TCATCCGTAGGATTATGACTGAA,1,1022
TCAGTGGTAGAATTCTCGC,1,1023
TCAGTGGTAAAATTCTCGCC,1,1024
TCAGAAGGTTGCGTGTTCAGGTCACGTCGGGGTCA,1,1025
TCAGAAGGTTGCGTGTTCAGGTCACGTCGGGGTC,1,1026
TCAGAAGATTGCAGGTTCGAGTCCTGCCGCGGTC,1,1027
TCACTAAAGTTGGTATACAACCCCCCACTGCTAAATTTGACTGGCTTTGG,1,1028
TCACCGCCGCGGCCCGGGTTCGTTTCCCGGTCAGGGAACCA,1,1029
TCACAGTGAACCGGTCTCTTT,1,1030
TCACAGACTGCATAGCAAAATCCATCTC,1,1031
TCACACATGGTCTAGCGGTTAGGATTCCTGG,1,1032
TCAATGTCAGTGGGCTCCAGAACATAGCATAGAAGGT,1,1033
TCAATATTCCTGTACCGATGTGTAGTGCG,1,1034
TCAGACACAATGAGGATTG,1,1035
TATTGCACTTGTCCCGGCCTGTA,1,1036
TCAGAGTCCATTGGAGAGGTGGCCGAG,1,1037
TCAGAGTTCTACAGTCCGACGATCTCCTGTACTGAGCTGCCCCGAGTGGA,1,1038
TCAGGCTCAGTCCCCTCCC,1,1039
TATTTGAACATTGGACCTGGCT,1,1040
TATTGCACTTGTCCCGGCCTGTT,1,1041
TATTGCACTTGTCCCGGCCTGTAT,1,1042
TCAGTCGGTAGAGCATCAGA,1,1043
TCAGTGCACTACAGAACTTTGTC,1,1044
TCAGTGCACTACAGCACTTTGT,1,1045
TAGTTGGATCTTGGGAGCGGGCGGGCGGTCCGCCGCGAGGCGAGCCACCG,1,1046
TAGTGTGGAAGCTCATGCGAAAGTAGGTCATTGCTAGGCT,1,1047
TAGTCATATGCTTGTCTCAAAGAT,1,1048
TACCCATTGAATATCGGAGC,1,1049
TACCTATGCCATTTATTGGACATCGATTGTAGATTTCTTAGTG,1,1050
TACCCTGTAGCTCCGCATTTG,1,1051
TACCCTGTAGCACCGAATTTGT,1,1052
TCCCACATGGTCTAGCGG,1,1053
TACCCTGTAGATCCGAATTTG,1,1054
TCCCACATGGTCTAGCGGTAGGATTCCTGG,1,1055
TACCCTGTAGAACCGAATTTG,1,1056
TCCCACATGGTCTAGCGGTAGGATTCCTGGTTT,1,1057
TACCCATTGCATATCGGAGCTA,1,1058
TACCACAGGGTAGAACCACGGAT,1,1059
TACCTTCTGAGTTCCCTGGAACGGGAC,1,1060
TACCACAGGGTAGAACCACGGACT,1,1061
TACCACAGGGATAACTGGCTTG,1,1062
TACAGTACTGTGATAACTGACC,1,1063
TACAGATCGAACTCCTCGTTCTACTCTTCCCCCCTTCTCACTACTGCACT,1,1064
TACAACCCCCCACTGCTAAATTTGACT,1,1065
TAATTCTAGAGCTAATACATG,1,1066
TCCCACATGGTCTAGCGGTTAGTACTCTGCG,1,1067
TCCCACATGGTCTAGCGTTAGGATTCCTG,1,1068
TAATGGTTAGCACTCTGGACTC,1,1069
TACCTGAAATTGTTACAAGGGAACGATTCCTGGATAGTACATGTT,1,1070
TACGACCACAGCAAGGACGGCCGCTGG,1,1071
TAGTACTTGGATGGGAGACCGCCTGGGAATACCGGGTGCTGTAGGCTTTG,1,1072
TAGCACCATCTGAAATCGGT,1,1073
TAGGAGGTGTAGAATAGGTGGGAGCTTCGGCGCCGGTGAAACACCAC,1,1074
TAGGAGGGCCGCTGCGGTGAGCCTTGAAGCCTAGGGC,1,1075
TAGCTTATCAGACTGATGTTGACT,1,1076
TAGCTTATCAGACTGATGTTGAC,1,1077
TAGCTTATCAGACTGATGTTGA,1,1078
TAGCTTATCAGACTGATGTTG,1,1079
TAGCTCAGTCGGTAGAGCATGGGACT,1,1080
TAGCAGCACGTAAATATTGGCGT,1,1081
TCCCACATGATCTAGCGGTTAGGATTCATGGT,1,1082
TAGCAAGTAGAACCCGGAAACGGGAACGAACGGTATCCAATCC,1,1083
TACGAGAGGAACCGAGGTTCGGACATTTG,1,1084
TAGCAAATACTTCAATGAGAACTTGAA,1,1085
TCCCACATGATCTAGCGGTTAGGATTCCT,1,1086
TAGATTGTGTCTGGGAACTGGGAGGCCTT,1,1087
TAGAGTGATCGAAAGATGAAAAGCACTTTGAAAAGAGGG,1,1088
TAGAGGAAGTAAAAGTCGTAACA,1,1089
TAGACTCGGAATGGCAAAGATATATCTTAAATTATCAGACATA,1,1090
TACTTGGATAGGAGACCGCCTGGGAATACCGGGTGCTGTAGGCTTTG,1,1091
TACTGGAACACAGCGTAGGCAG,1,1092
TACGCCTGTCTGAGCGTCGCT,1,1093
TCCCGTGGTGGAATTCTCGGCCAAGGAACTCCAGTCACTCATTCATCTCG,1,1094
GTTTCCGTAGTGTAGTGGTTATCACGTTAGCCT,1,1095
GTTTCCGTAGTGTAGTGGTTATCACGTTAGC,1,1096
GTTATCGTTTCTTTGCTAG,1,1097
GTGAGGCGTCCGGACTGGC,1,1098
GTGACCTTGTGGGAGAGTAGAACGATGCCGGACT,1,1099
GTCTTGAGTGTTGTTGAAGTAGC,1,1100
GTCTACGGCCATACCACCCTGAACGCGCCCGATCTCGTC,1,1101
GTCTACGGCCATACCACCCTGAACGCGCCCGATCTCGT,1,1102
GTCTACGGCCATACCACCCTGAACGCGCCCGATCT,1,1103
GTCTACGGCCATACCACCCTGAACGCGCCCG,1,1104
GTCTAACACGTGCGCGAGTCAGGGGCTCG,1,1105
GTCGTACGTCTACCTGACCCG,1,1106
GTCGGTGGTTCGATTCCGCCCCAGGCCACC,1,1107
TCCCTGTGTCTAGTGGTTAGGATTCGAC,1,1108
TCCCTGTGTCTAGTGGTTAGGATTCGGCGC,1,1109
TCCGAGAGGACCCGGGTTCATATCCCGGACGAGCC,1,1110
GTCGGTCGGACTGGGGCGCGAAGCGGGG,1,1111
TCCGATGGTAGTGGGTTACCAGAACT,1,1112
GTCCGACGATCGTCAGGATGGCCGAGCGG,1,1113
GTCCCTGGTGGTCTAGTGGTTAGGATTCGGCG,1,1114
GTCCCGTCGTGAGTACCA,1,1115
TCCGCCAGTGCCGAGGGTCGGGCTCGA,1,1116
GTCCAGGGTTCATGTCCCTGTTCGGGCGCCA,1,1117
GTCATTTAGAGGAAGTAAAAGTCGTAACAAG,1,1118
TCCCTGTGGTCTAGTTGCTAGGATTCGGC,1,1119
TCCCTGTGGTCTAGTGGTTATGATTCGGC,1,1120
GTGCAGATCTTGGTGGTAGTAGCAAATACTC,1,1121
TCCCTGTGGTCTAGTGGTTAGGATTCGGAG,1,1122
GTTAATCGAGAGGTTGATGGTTCGAGCCCATCCCGGGGA,1,1123
GTGTCCGTAGTGTAGTGGTTATCACGTTCGCCT,1,1124
GTGTAATGGTTAGCACTCTGGA,1,1125
GTGTAATGGTTAGCACTCTGG,1,1126
GTGTAATACCCTGTGCTGGACTGAGGTTCGC,1,1127
TCCCTGTGGTCTAGTGGTTAGGATTCGG,1,1128
GTGGTTCAGTGGTAGAATTCTC,1,1129
GTGGTTATCACGTTCGCCTCACA,1,1130
GTGGTTAGGATTCGGCTCTCTCACC,1,1131
GTGGTTAGGATTCGGCGCTCTCACCGCCGCGGCCCGGGTTCGTTTCCCGG,1,1132
GTGCGATGTGGGGACGGAGCAGGTTAGCTAACCC,1,1133
TCCCTGTGGTCTAGTGGTTAGGATTCGGCGCT,1,1134
TCCCTGTGGTCTAGTGGTTAGGATTCGGCGCTC,1,1135
TCCCTGTGGTCTAGTGGTTAGGATTCTGCG,1,1136
TCCCTGTGGTCTAGTGGTTAGGATTCTGCGC,1,1137
GTGGTTAGGATTCGGCGCTCTCACCGCCGCGGCCCGGGTTCGATTCCCGG,1,1138
GTGGTAATTCTAGAGCTAATACATGCT,1,1139
GTGGCGGGGAAACAGGACTTTTTCTG,1,1140
GTGGATCGCCCCAGCTGCGGCGGG,1,1141
GTGGAGCATGAGCGCCCGTGTTAGTACCCGA,1,1142
GTCAGGATGGCTGAGCGGTCTAAGGCTGC,1,1143
GTCAGGATGGCCGAGCGGTC,1,1144
GTCAGGATGGCCGAGCGG,1,1145
TCCTGTACTAAGCTGCCCCGAG,1,1146
TCCGTTCGGAATTCTCGA,1,1147
GGTTCCGTAGTGTAGTGGTTATCATGTCTGC,1,1148
GGTTCCGTAGTGTAGTGGTTATCACTTCTGCTT,1,1149
TCCTCCCGGCCCCGGCCGGGGGGCGGGCGCCGGCGGCTTTGGTGACTTGG,1,1150
GGTTCCGTAGTGTAGTGGTTATCACTTCTGC,1,1151
TCAGAAGATTGCAGGTTCGTGTCCTGCCGCGGTC,1,1152
TCCTCTGGACTAGTGAACCAACCTGAAAGAGCT,1,1153
TCCTCTGTAGCTCAGCTGGTTAGAGCGCTCGGCT,1,1154
TCCTGACGTGCAAATCGGTCGTCCGACC,1,1155
TCCTGTACTAAGCTGCCCCGAGTT,1,1156
GGTTCCTTAGTGTAGTGGTTATCACGTCTGCT,1,1157
GGTTCCGTAGTGTAGTGGTTATCACGTATGC,1,1158
GGTTCCGTAGTGTAGTGGTTATCACCTCTGC,1,1159
TCCTGTACTGAGCTCCCCCGA,1,1160
GGTTCCGTAGTGTAGTGGTTACCACGTCTGCT,1,1161
GGTTCCGTAATGTAGTGGTTATCACGTCTGCTT,1,1162
TCCTGTACTGAGCTGCCCCCGA,1,1163
GGTTCCGTAATGTAGTGGTTATCACGTCTGC,1,1164
GGTTCCGTAATGTAGTGGTTATCACGGCTGCT,1,1165
TCCTGTACTGAGCTGCCCCGAAAT,1,1166
GGTTCCGTAGTGTATTGGTTATCACGTCTGC,1,1167
GGTTCGATCCCCGTACGGGCC,1,1168
GTCAGGATGCCCGAGCGG,1,1169
GTACTATGGTTTCCAGATACT,1,1170
GTAGTCGTGGCCGAGTGGTTAAGGC,1,1171
GTAGAATTCTCGCCTGCCACGCGGGAGGCCCGGGT,1,1172
TCCGGAGCCGTAGCGAAAGCGA,1,1173
GTAGAATTCTCGCCTGCCACGCGGGAG,1,1174
TCCGGGTAATCTTGTTAAACTCAGTCGTGCTGGGGATAGAG,1,1175
GTAGAACAAAAGGGTAAAAGTCCCCT,1,1176
TCCGGTATGGTGTAGTGGCTAACATTTCGCG,1,1177
GTACTTGGATGGGAGACCGCCTGGGAATACCGGGTGCTGTAGGCTTTGGA,1,1178
GTACTGCACAGAGATTGTGGCCCTC,1,1179
GTACGGTGGCCATGGAAGTCGGAATCCGCTAAGGAGTGTGTAACAACTCA,1,1180
GGTTCGATTCCCGGTCAGGG,1,1181
GTAATGTTAGCACTCTGGACTCTGAATC,1,1182
GTAATGGTTAGCACTCTGGACTCTGAATC,1,1183
GTAACTTCGGGATAAGGATTGGCTCTA,1,1184
GGTTTCCGTAGTGTAGTGGTTATCACGTTCGCCT,1,1185
GGTTGGAGCCTTGGGAAAGGC,1,1186
GGTTCGTTTCCCGGTCAGGGA,1,1187
TCCGGTGAGCTCTCGCTGGCCC,1,1188
GGTTCGTTTCCCGGTCAGG,1,1189
TCCGTGATCGTATAGTGGTTAGTACTCTGC,1,1190
GTTAGTACTTGGATGGGAGACCGCCTGGGAATACCGGGTGCTGTAGGCTT,1,1191
GTTCAAATCGGCTGTGGGGCACCA,1,1192
GTTTCCGTAGTGTAGTGGTTATCACGTTAG,1,1193
GTTCAGAGGTGTGGCGTTGAAATCCGAAAGACTT,1,1194
TCCCTGGTCTAGTGGTTATGATTCGGCGC,1,1195
TCCCTGGTCTAGTGTTAGGATTCGGCG,1,1196
TCCCTGGTCTCGTGGTTAGGATTCGGC,1,1197
TCCCTGGTCTCGTGGTTAGGATTCGGCGC,1,1198
TCCCTGGTCTCGTGTTAGGATTCGGCG,1,1199
TCCCTGGTGATCTAGTGGTAGGATTCGGCG,1,1200
TCCCTGGTGATCTAGTGGTTAGGATTCAGC,1,1201
TCCCTGGTGATCTAGTGGTTAGGATTCAGCG,1,1202
TCCCTGGTGATCTAGTGGTTAGGATTCGGCGC,1,1203
GTTTCCGTAATGTAGTGGTTATCACATTCGCC,1,1204
GTTTCCGTAATGTAGTGGTTATCACATTC,1,1205
GTTTCCGTAATGTAGTGGTCATCACGTTCGCCT,1,1206
GTTTCCGTAATGTAGTGGGTATCACGGTCGCCT,1,1207
GTTTCCGTAATGTACTGGTTATCACGTTCGCCT,1,1208
GTTTCCGCAGTGTAGTGGTTATCACGTTCGCCT,1,1209
TCCCTGGTGCTCTAGTGGTTAGGATTCGGCGC,1,1210
GTTTCCGAATTGAAGTGGTTATCACGTTC,1,1211
GTTTCCGAAGTGTAGTGGTTATCACGTTCGCCT,1,1212
GTTTCCGAAGTGTAGTGGTTATCACGTTCACCTTTGAATTCTCGTGTGCC,1,1213
GTTTCCCTAGTGTAGTGGTTATCACGTTCGCCTGACACGCG,1,1214
TCCCTGGTGGTCTAGTGGCTAGGATTCAG,1,1215
TCCCTGGTCTAGTGGTTAGGATTCTGC,1,1216
TCCCTGGTCTAGTGGTTAGGATTCGGCGCTCT,1,1217
GTTTCCGTACTTTAGTGGTTATCACGTTCGCCT,1,1218
GTTTCCGTAGTGTAGTGGTTATCACATTC,1,1219
TCCCTAGTGGTCTAGTGGTTAGGATTCGGCG,1,1220
GTTTCCGTAGTGTAGTGGTTATCACGTACGCC,1,1221
GTTTCCGTAGTGTAGTGGTTATCACGGTCGCCT,1,1222
TCCCTAGTGGTCTAGTGGTTAGGATTCGGCGCTCTCACCGC,1,1223
GTTTCCGTAGTGTAGTGGTTATCACCTTCG,1,1224
TCCCTCCTGTGGTCTAGTGGTTAGGATTCGGC,1,1225
TCCCTCTGTGGAACCCCATGCCCTTCACTGG,1,1226
TCCCTGGAGGTCTAGGTGTTAGGATTCGGC,1,1227
GTTTCCGTAGTGTAGTGGTTATCACATTCG,1,1228
TCCCTGGTCAAGTGGTTAGGATTCGG,1,1229
GTTTCCGTAGCGTAGTGGTTATCACGTTCGCC,1,1230
GTTTCCGTAGTGTAGTGGTCATCACGTTCGCCT,1,1231
GTTTCCGTAGTGTAGTGGTATCACGTTCGCCT,1,1232
GTTTCCGTAGTGTAGTAGTTATCACGTTCGCCT,1,1233
GTTTCCGTAGTGTAGGGTTATCACGTTCGCCT,1,1234
GTTTCCGTAGTGTAGCGGTTATCACGTTCGC,1,1235
GTTTCCGTAGTGTAGAGGTTATCACGTTCGCCT,1,1236
GTTTCCGTAGTGTAGAGGTTATCACGTTCGCCG,1,1237
TCCCTGGTCGTCTAGTGGTTAGGATTCGGCG,1,1238
GTTTCCGTAGTGCAGTGGTTATCACGTTCGCCT,1,1239
GTTTCCCTAGTGTAGTGGTTATCACGTTCGCC,1,1240
GTTTCCCTAGTGTAGTGGTTATCACGTACGCCT,1,1241
TCCCTGGTGGTCTAGTGGCTAGGATTCGGCG,1,1242
TCCCTGTCTAGTGGTTAGGATTCGGCG,1,1243
GTTCTGACGTGCAAATCGCTCGTCAAATATGGGCAT,1,1244
TCCCTGTCGTCTAGTGGTTAGGATTCGGCGC,1,1245
GTTCTACAGTCCGACGATCGTCG,1,1246
TCCCTGTCTAGTGGTTAGGATTCGGC,1,1247
GTTCGTGCTGAAGGCCTGTTTCCTAGGCTACATACGGAGGACT,1,1248
GTTCGATCCCTGGAGGTACCACCA,1,1249
GTTCGAATCCGAGTCACGGC,1,1250
GTTCCGTAGTGTAGTGGTTATCACGTTCGCTT,1,1251
GTTCCGTAGTGTAGTGGTTATCACGTCTGCTTT,1,1252
TCCCTGTGGACTAGTGGTTAGGATTCGGCGC,1,1253
GTTGGTCCGAAAGCTGTGGGTTATCACAT,1,1254
GTTCCGTAGTGTAGTGGTTATCACATCTGC,1,1255
GTTCCCGTGGCGGGCCGCCGG,1,1256
GTTCCCGTGGCGCCGGCGGGAGCCCCGGTGG,1,1257
TCCCTGTGGTCTAGTAGTTAGGATTCGGCG,1,1258
GTTCCATGGTGTAATGGTTAGCACTCTGGA,1,1259
GTTCCATAGTGTAGTGATTATCACGTCTGCTG,1,1260
TCCCTGTGGTCTAGTGGCTAGGATTCGGC,1,1261
GTTCCATAGAGTAGCGGTTATCACGTCAGC,1,1262
GTTCATCCCGGACGAGCC,1,1263
GTTGCCGTAATGTAGTGGTTATCACGT,1,1264
TCCCTGTAGTCTAGTGGTTAGGATTCGGCGC,1,1265
TCCCTGGTGGTCTAGTGGTTAGGATTCG,1,1266
GTTTCCATAGTGTAGTGGTTATCACGTTCGC,1,1267
TCCCTGGTGGTCTAGTGGTTAGGATTCGGCGCTC,1,1268
TCCCTGGTGGTCTAGTGGTTAGGATTCGGCGCTCTCACC,1,1269
GTTTCCATAGTGTAGTGGTTATCACGTTCGCCG,1,1270
TCCCTGGTGGTCTAGTGGTTAGGATTCGGCGCTCTCACCGCCGCGGCCTG,1,1271
TCCCTGGTGGTCTAGTGGTTAGGATTCGGCGTGG,1,1272
TCCCTGGTGGTCTAGTGGTTAGTATTCGGC,1,1273
TCCCTGGTGGTCTAGTGGTTATGATTCGGC,1,1274
TCCCTGGTGGTCTAGTGTAGGATTCGGC,1,1275
TCCCTGGTGGTCTAGTGTTAGGATTCGGC,1,1276
GTTTCCATAGTGTAGTGGTTATCACGTAC,1,1277
GTTGTCGCGCCAGCGGCATCGCCGGGT,1,1278
TCCCTGGTGGTCTAGTGTTAGGATTCGGCG,1,1279
TCCCTGGTGGTCTAGTGTTAGGATTCGGCGC,1,1280
TCCCTGGTGGTCTAGTGTTTAGGATTCGGCG,1,1281
GTTTCAGTAGTGTAGTGTTTATCACGTTCGCC,1,1282
GTTTCAGTAGTGTAGTGGTTATCACGTTCGCCT,1,1283
TCCCTGGTTGTCTAGTGGTTAGGATTCGGCG,1,1284
TCCCTGGTTGTCTAGTGGTTAGGATTCGGCGC,1,1285
GTTTCAGTAGTGTACTGGTTATCACGTTCGCCT,1,1286
GTTTCAGTAATGTAGTGGTTATCACGTTCGCC,1,1287
GTTTCCTTAATGTAGTGGTTATCACGTTCGCCT,1,1288
GCCGTGATCGTATAGTGGTTAGTACTCTGCGTGG,1,1289
GGCCCTGGCGGAGCGCTGAGAAGACGGTCGAA,1,1290
ATCAGAAGGTTGCGTGTTCATGTCACGTCGGGGTC,1,1291
ATCAGAAGGCTGCGTGTTCGATCACGTCGGGGTC,1,1292
ATCAGAAGATTGCAGGTTCGGGTCCTGCCGCG,1,1293
ATCAGAAGATTGAGGGTGTCCCTTCGTGGTC,1,1294
ATCACATTGCCAGGGATTTCC,1,1295
ATCAATGATGAACCCTCGGCTTCTTAGA,1,1296
ATATGTGATGATCTCAGCCCAACTTGAACTCTCTCACTGATGCCTTGA,1,1297
ATATCTGGCATTACCAAAGACTTTCGACAACC,1,1298
ATATAGGAGCTGAGATGTCCTAACAGACCGAGGACTTGAAT,1,1299
ATAGCTCAGTCGGTAGAGCATCAGAC,1,1300
ATACTAATTGCTCGTGCGACTTTACC,1,1301
ATACCACCCAGAACGCGCCCG,1,1302
ATACAGCGAAACTGCGAATGGCTC,1,1303
ATACAACCCCCCACTGCTCAATTTGACTGGCT,1,1304
ATACAACCCCCCACTGCTAAATTTGACTGGCT,1,1305
ATACAACCCACCACTGCTAAATTTGACTGGCT,1,1306
ATAAGGATTGGCTCTAAGGGT,1,1307
ATAACGAACGAGACCTTAACCT,1,1308
ATAACCGTGGTAATTCTAGAGCTAATATAT,1,1309
AGTTTGAAAGTAGGTTATCGTCAGGCT,1,1310
AGTTGGTCCTAAAGCTGTGGGTTA,1,1311
AGTTGGTCCGCAAGCTGTGGGTTATCACA,1,1312
AGTTGGTCCGAAAGTTGTGGGTTATCAAATT,1,1313
AGTTGGTCCGAAAGCTGTGGGTTATCACATTT,1,1314
AGTTGGTCCGAAAGCTGTGGGTTATCACAT,1,1315
AGTTGGTCCGAAAGCTGTGGGTTATCAC,1,1316
AGTTGGTCCGAAAGCTGTGGGTTATC,1,1317
AGTTGGTCCGAAAGCTGTGG,1,1318
AGTTCGTGCTGAAGGCCTGTTTCCTAGGCTACATACGGAGGAC,1,1319
AGTTCGTGCTGAAGGCCTGTTTCCTAGGCTACATACGGA,1,1320
ATCAGAAGGTTGCGTGTTCAGGTAACGTCGGGGTC,1,1321
ATCATCGAATGTTTGAACGCAAATTGCGCCCGAG,1,1322
GGCCCTGGCGGAGCGCTGAGAAGACGGTC,1,1323
ATCCCGGGGCCGAGGGAGCCAGC,1,1324
ATGGGTGGTTCAGTGGTAGAATTCTC,1,1325
ATGGGTGACATCCTGGGA,1,1326
ATGGATTTGAGTAAGAGCATACGGGGCCG,1,1327
ATGCCGACTGGCGATGCGGCGGCG,1,1328
ATGCCCTCGGCCTATTCTCAAACTTTAAATGG,1,1329
ATGCAGAGTAGATGCGGTCCCGGG,1,1330
ATGATGACACCTTTATACTGTG,1,1331
ATGAGGATTGACAGATTGAG,1,1332
ATGAGCGCACGTGTTCGGCCCC,1,1333
ATGAGCGCACGTGTTAGGAC,1,1334
ATGAACTAGCCCTGAAAA,1,1335
ATCTTAAGGTCCTGAGTTCGCCTCAGAGAGGGC,1,1336
ATCTGAGGGTCCAGGGTTCATGTCCCTGTTCGGGCG,1,1337
ATCTGAGGGTCCAGGGTTCATGTCCCTGTTCGGG,1,1338
ATCTGAGGGTCCAGGGTTCAGGTCCCTGTTCGGGCGCCA,1,1339
ATCTGAGGGTCCAGGGTTCAGGTCCCTGTTCGGG,1,1340
ATCTGAGGGTCCAGGGTTCAAGTCCCTGTTCGGGC,1,1341
ATCTGAGGGTCCAGGGTCCAGGTCCCTGTTCGGGC,1,1342
ATCTGAGGGTCCAGGGTCCAGGTCCCTGTTCGGG,1,1343
ATCTGAGAACATTGAAGACTGAAGT,1,1344
ATCTGAAGGTCGTGAGTTCGTTCCTCACACGGGGCACCA,1,1345
ATCTGAAGGTCCTGAGTTCGTGCCTCAGAGAGGGC,1,1346
ATCTGAAGGTCCTGAGTTCGGGCCTCAGAGAGGGC,1,1347
ATCTGAAGGTCCTGAGTTCAGGCCTCCGAGAGGGC,1,1348
ATCTCGGAAGCTAAGCAGGGTCGGGCCTGGT,1,1349
ATCTACTATCTAGCGAACCCACAGCCAAGGGAAC,1,1350
ATCGGAACAGCCAAGGCGATGCTGTGGGGCCCTGTCCT,1,1351
ATCGACCGATCCTGATGTTCTCG,1,1352
ATCGAATTGTGGTCTGGAGAAGTCTTGTCAGCCG,1,1353
AGTTCGTGCTGAAGGCCTGTTTCCTAGGCTACAAAAAA,1,1354
AGTTCATATCTCGCTGGGGCC,1,1355
AGTTCAGATCTCGGTGGGACC,1,1356
AGTGTCCAGGGTTCATGTCCCTGTTCGGGC,1,1357
AGGGTCCAGGGTCCAGGTCCCTGTTCGGGC,1,1358
AGGGTAACCCTCTAAGTTCAAACATCTGGCGAGACTGGTC,1,1359
AGGGGCAGAGAGCGAGACTTTT,1,1360
AGGGCTTCTGTCGTGAGTGGCACACGTAGGGCAG,1,1361
AGGGCTTCTGTCGTGAGTGGCACACGTAGG,1,1362
AGGGCGGAGGGAAGCTCATCAGTGTGTCTACGAGCTGAGTGCG,1,1363
AGGGCGGAGGGAAGCTCATCAGTGGGGCTACGAGCTGAGTGC,1,1364
AGGGACTCTCAAGAGTCTTCTCCAACACCACAGTTCA,1,1365
AGGGACTATCGGCTCAAGCCGATG,1,1366
AGGGAAGTCGGCAAGCCG,1,1367
AGGCTGTGATGATTGGCGCAGGG,1,1368
AGGCTCGCAGCGTTTCTGACG,1,1369
AGGCGTCCGGACTGGCCCAGAGAGG,1,1370
AGGCGTCCAGTGCGGTAACGCAACCGATCCCGGAGAAGCCGGCGG,1,1371
AGGCGGCCCGGGTTCGACTCCCGGTGTG,1,1372
AGGCGGCCCGGGTTCGACTCCCGGTATG,1,1373
AGGCGCCGCCGCCCAGAAGCCGGCGGG,1,1374
AGGCGCCGCCGCCAGGCGCCGCCGCC,1,1375
AGGCCCTCGGATCGGCCCCGCCGGGGTC,1,1376
AGGATGAGATGGTTGGATGGCATCACCG,1,1377
AGGATGAGATGGCTGGATGGCATC,1,1378
AGGAGTCTAACACGTGCGCGAGTCAGTGGCTC,1,1379
AGGAGTCTAACACGTGCGCGAGTCAGTGGCT,1,1380
AGGAGTCTAACACGTGCGCGAGCCAGGGGCT,1,1381
AGGAGGAGAGCCGTACGGAG,1,1382
AGGACGGTGGCCATGGAAGTCGGAATCCGCTAAGGAGTGTGTAACAAC,1,1383
AGGACAAGAAAACAACTGTGATTCCCTGAGTAACTGCGAGTGAATAGGTG,1,1384
AGGAACTGGGTCTGCATTCGG,1,1385
AGGAAACGGTTGTTCGATTCTACCCAGCGGCACCA,1,1386
AGGGTCGTGGGTTCGGGCCCCACGTTGGGC,1,1387
AGGGTCGTGGGTTCGTGCCCCACGTTGGGC,1,1388
AGGGTTGGGCGGAGGCTTTCC,1,1389
AGTAGGAGAAGGGGGACTCTTAGCGG,1,1390
AGTGTCACTAAAGTTGGTATACAACCCCCCACTGCTAAATTTGACTGGCT,1,1391
AGTGGTAGAATTCTCGCC,1,1392
AGTGCTTCTATCGTGAGTGGCACACGTAGGGC,1,1393
AGTGCTGGGACGGTCGGGCTGGGGCGC,1,1394
AGTGCCAATACATACTGATACAGG,1,1395
AGTCTAACACGTGCGCGAGTCAGGGGCTC,1,1396
AGTCTAACAAGTGCGCGAGTCAGGGGCT,1,1397
AGTCGGAATCCGCTACGGCGTGTGTAACAACTCACCTGC,1,1398
AGTCGCTTCAGTCGTGTCTGAC,1,1399
AGTCATGTGTCGACGAGTCGAGTTGTTTGG,1,1400
AGTCAGGGGCTCTGGCATTCTTGGGTGCCCAGGAACTCCAGTCACTCGAA,1,1401
AGTCACTCAGTCGTGTCCGAC,1,1402
AGTATAAACAGCCGGACTGTGGCCA,1,1403
AGTAGAACGATGCCGGACT,1,1404
AGGTAATGATTAATAGGGACAGACGGGGGCATTCGTATTG,1,1405
AGTACTTGGATGGGAGACCGCCTGGGAATACCGGGTGCTGTAGGCTTTGG,1,1406
AGTACTGAGGCTTAGCCCTTGCACGGGGAGATTTGT,1,1407
AGTAAGGTCAGCTAATTAAGCTATCGGGCCCATACC,1,1408
AGTAAGGTCAGCTAATTAAGCTATCGGGCCC,1,1409
AGTAACTATGACTCTCTTAAGGTAGCCTAATGCCT,1,1410
AGGTTGAAACTCAAAGGAATTGACGGGGACCC,1,1411
AGGTGGAGCATGAGCGCACGTGTTAGGACCCGAAAGA,1,1412
AGGTGGAGCATGAGCGCACGTGTTAGGACCCGAAAG,1,1413
AGGTGGAGCATGAGCGCACGTGTTAGGACCCGAAA,1,1414
AGGTGCGGCTGGAACACCTCCTTTCT,1,1415
AGGTGAAGTGGTTGGAGTCCCACACTATAAAAGGTGATAGTCCTGTAACC,1,1416
AGGTGAAGCTCGAGGAAATGGTACTCAGCCT,1,1417
AGGTAGTGACAATAAATACTGATACAGGGCT,1,1418
ATGGGTGGTTCAGTGGTAGAATTCTCGC,1,1419
ATGGTGTAGTGGCTAACA,1,1420
ATGGTTCCTTTGGTCGCTCGCTCCTCTCCTA,1,1421
CAGGTCTCCAAGGTGAACAGCCTCTGGCATGTTGGAACAATGT,1,1422
CCACCACGTTCCCGTGGAATTCCACCACGTTCCCGTGG,1,1423
CCACAGGGTAGAACCACGGACT,1,1424
CCACAGGGTAGAACCACGGACC,1,1425
CCAATTCAGACTACTCTCCCGCCCGTCCTT,1,1426
CCAATCAAACTGAGAAATAGCTCGTACTCCCCGA,1,1427
CATTTCGTTGGGGGAAGTCTGTGCT,1,1428
CATTGTCTAGCGGTTAGGATTCCTGGT,1,1429
CATTGCACTTGTCTTGGTCTGA,1,1430
CATTGCACTTGTCTCGGTCT,1,1431
CATTGCACTAGTCTCGGTCTGA,1,1432
CATTCGTAATGAGAAGGTCGGGTGTTCGATTCATCTCTCCGGCACCATGG,1,1433
CATTCCCCGTCGCGGAGCCA,1,1434
CATGTCTGCCTCAGCGTCGGGT,1,1435
CATGGTCCCTGTTCTCTGCCCCA,1,1436
CATGGAAGTCGGAATCCGCTAAGGAGTGTGTAACAACTCACCT,1,1437
CATGCACCGAGTGACTGAGCATAACTCTGTCGTTGAGGGG,1,1438
CATGCAAGTCCAAGTATAAACTATGTTGTACGAGTGAAACT,1,1439
CATGAATAGGTCAGCCAGT,1,1440
CATCGTGGAGCCCGAGATCCTCCCTGATGGGGACCATGACT,1,1441
CATCGTCCCCGGCGAGCAGGGAGCGGAATATCAGGACTTCATCC,1,1442
CATCGACATCTCGAACGCACCTTGCGGCCGA,1,1443
CATCAAGGAGAAGCTCTGCTACGTGGCCCTGGACTTCGAGCAGGAGTGGA,1,1444
CATATGGTCTCGCGGTTAGGATTCCT,1,1445
CATATGGTCTAGCGGTTAGGATTCCTGGT,1,1446
CATACTGTGAAACTGCGAATGGCTCATTAAA,1,1447
CAGTGGTAGAATTCTCGCCTGCC,1,1448
CAGTGGTAGAATTCTCGC,1,1449
CAGTGAGGGGCGGATTAGTAGTTGGGT,1,1450
CAGTCGGTAGAGCATGAG,1,1451
CCACCGGGGTTGTAGGACTGCATTT,1,1452
CCACGTTGGAATCCCGAGTGTTGTTCTC,1,1453
CCACTCCCACTGCTTCACTTGACTAGCCT,1,1454
CCCAGGCGGCCCGGGTTCGACTCCCGGTATGG,1,1455
CCCCCCACTGCTAAATTTGACTGGCTTA,1,1456
CCCCCCACTGCTAAATTTGACTGGCTA,1,1457
CCCCCCACTGCTAAATTTGACTGGC,1,1458
CCCCCCACTGCAAAATTTGACTGGCTT,1,1459
CCCCCACTGCTAAATTTGACTGGCTT,1,1460
CCCCACTGCTAAATTTGACTGGCT,1,1461
CCCATTCTTGCGACCCGGGTTCGTTTCCCGGGCGGCGCACC,1,1462
CCCATGGTCTAGCGGTTAGGATTCCTGGTTT,1,1463
CCCATGGACTGTAGCTCACCAGGGTCCTCTGTCCA,1,1464
CCCATATGGTCTAGCGGTTAGGATTCC,1,1465
CCCATAAAGTAGAAAGCACTA,1,1466
CCCATAAAGTAGAAAGCACT,1,1467
CCCATAAAGTAGAAAGCAC,1,1468
CCCACATGGTCTAGCGGTTAGGATTCCTGG,1,1469
CCAGGACGTTGATAGGTTGGGTGTGGAAGCG,1,1470
CCCACATGGTCTAGCGGTTAGGATTCCT,1,1471
CCCAAGGTTATGAGCGAGGCTG,1,1472
CCATGGATGATGATATTGCTGCGCTCGTGGTCGACAACGGCTC,1,1473
CCATGCGAAAGTAGGACATTGCCAAGCGC,1,1474
CCAGTGCACTACAGAACTTTG,1,1475
CCAGGTCCAGACACAATGAGGATTGAC,1,1476
CCAGGGGTCGCGAGTTCATCTCGCTGGGGCCT,1,1477
CCAGGCGGCCCGGGTTCGCCTCCCTGTGTGGG,1,1478
CCAGGCGGCCCGGGTTCGACTCCCGGTGTGG,1,1479
CCAGGCGGCCCGGGTTCGACTCCCGGTGTG,1,1480
CCAGGCGGCCCGGGTTCGACTCCCGGTATG,1,1481
CCAGGCGGCACGGGTTCGACTCCCGGTATGGG,1,1482
CCAGGCGGCACGGGTTCGACTCCCGGTATGG,1,1483
CAGGTGCGCCAGAACTACCACCAGGACTCGGAGGCCGCCATCAACCGCCA,1,1484
CAGGTCCAGACACAATGAGGATTG,1,1485
ATGTTGGCAAATTCTCACAAAG,1,1486
CAGGGTTCGATTCCCTGTTCGTCCACC,1,1487
CAAGACCTCGTGAATCATCAAAA,1,1488
CAACTGCCTGACTGTTGATCTGGAAGAAGT,1,1489
CAACGGAATCCCAACAGCAGCTGT,1,1490
CAACGGAATCCCAACAGCAGCTG,1,1491
CAACGGAATCCCAAACGCAGCTGT,1,1492
CAACGGAATCCCAAAAGCAGCTGTAA,1,1493
CAACCTCGGTTCGAATCCGAGTCACGGC,1,1494
CAAAGTGCTGTTCGTGCAGGTAG,1,1495
CAAAGCACACGGCCTGCAGAGAGGA,1,1496
ATTTCGCGTATTGTAATTTCAACACGAGCG,1,1497
ATTTCCGTAGTGTAGTGGTTATCACGTTCGC,1,1498
ATTGTTAGCCGAACGCTCTGGAAAGTGC,1,1499
ATTGTTAGCCGAACGCTCTGAAAAGTGC,1,1500
ATTGGTGGTACAGTGGTAGAATTCTCG,1,1501
ATTGCACTTGTCCCGGCCTGA,1,1502
ATTGCACTTATCCCGGCCTGT,1,1503
ATTCTGGCGGGCATGCCTG,1,1504
ATTCTCACGCCAGGTCGTACTCATAACC,1,1505
ATTCCTTAGTGCCTTTCGACT,1,1506
ATTCCGGATCAGAAGATTGAGGGTTCGTGTCCCT,1,1507
ATTCCAGTGAGTCATCGAATCTTTG,1,1508
ATTCAGATAATTGGTTTTTGCGGC,1,1509
ATTCAAAGGTTGTGGGTTCGTGTCCCACCAGAGTC,1,1510
ATTCAAAGGTTCCGGGTTCGTGTCCCGGCGGAGT,1,1511
ATTCAAAGGTTCCGGGTTCGTCCCGGCGGAGTC,1,1512
ATTCAAAGGTTCCGGGTTCGGGTCCCTGCGGAGTC,1,1513
ATTCAAAGGTTCCGGGTTCGGGTCCCGGCGGAGT,1,1514
ATTCAAAGGTTCCGGGTTCGAGTCCCGGCGGAGTC,1,1515
ATTCAAAGGTTCCGGGTT,1,1516
CAAGCCGATGGAAGTTTGAGGCAATAACAGGTC,1,1517
CAAGCGAGATCGGCATTTATGCGGCGGC,1,1518
CAAGCGTTCATAGCGACG,1,1519
CACTAGATTGAGAGCTCCTGG,1,1520
CAGGGGACCCCGCCCTGGGGC,1,1521
CAGGGATTGCCCTAGCAACGGCGAGTGAAGCAACAGCTCAAATTTGAAAT,1,1522
CAGGAGATCCTGGGTTCGTCTCCCAGCGGTGG,1,1523
CAGGACGGTGGCCATGGAAGTCGGAATACGCTAAGGAG,1,1524
CAGCGCAGCCGAGGCCGGGCCTCCTCC,1,1525
CAGCGATCCGAGTTCAGGTCTCGGTGGGAC,1,1526
CAGCCGCATCGCCAACGCGGTGCGCGCCCGGCTGCTGGGCGACTGGA,1,1527
CAGATCTGTCCTGAAACCAGC,1,1528
CAGATCGAACTCCTCGTTCTACTCTTCCCCCCTTCTCACTACTGCACTTG,1,1529
CAGAGGAAAAGAAAGCAAAAGCGATTCCCACAGTAGCGGCGAGCGAAAAG,1,1530
CAGAACTCGGAAGTTAAA,1,1531
CACTCGGCGGTGCTATTATGCAATACG,1,1532
CACTAGATTGAGAGCTCCTGGAAC,1,1533
CACTAAAGTTGGTATACAACCCCCCACTGCTAAATTTGACTGGCTTTGGA,1,1534
CAATCCTAGAAGCTGCAACT,1,1535
CACGTCGTAGTCGGATACGAATAGGCCT,1,1536
CACGCCGACTATGTGAAGAACATGATCACCGG,1,1537
CACGCCCCCCGTGGCGGCGACGACCCATTCGAACGTCTGCCCT,1,1538
CACCTGCCGAATGTACTAGCCCTGAA,1,1539
CACCTCGATGTCGGCTCGTCACATCCTGGGGCT,1,1540
CACCCGGGGGGCCGGCGGCGGCGGCGACTCTGGACGCGAGCC,1,1541
CACATTGGCTGGATGCTCGTCCA,1,1542
CACATGGTCTAGCGGTTAGGATTCCTGG,1,1543
CACAAGCAGACTGTCCGGCTTCACCC,1,1544
CAATTATGCTGTTCCTGGGGGTCACCAATCTCA,1,1545
CAATGTGAGGGCGTAAAATCAT,1,1546
CAATGTAGGCAAGGGAAGTCGGCAAA,1,1547
CAATGGATAACGCATTGGA,1,1548
AGCTGGGGATTGTGGGTTCGTGTCCCATCTGGGTC,1,1549
AGCTGGGGATTGTGGGTTCGGGTCCCATCTGGGTC,1,1550
AGCTGAGTGCTGAAGAATTGATGCTTTTGAACT,1,1551
AACTTGAAAGATCTGGTCTTTTTTTTTAATCCCCCC,1,1552
AATAATGTAGATAAGGGAAGTCGGCAAAATGGATCCGTAAC,1,1553
AATAACCCGTGAGGCTTGTA,1,1554
AAGTTCGTGCTGAAGGCCTGTTTCCTAGGCTACATACGGAGGACT,1,1555
AAGTTCCGTTTCAAAGGC,1,1556
AAGTGGCGCCGACATAATCGGCATGTTTGTTTCAGTGTGGAT,1,1557
AAGTCGGAATCCGCTAAGGAGTGTGTAACAACTCACCTGCC,1,1558
AAGTCCTTCTGATCGCGGCCCAGCCCGTGGACGGTGTGAGGCCGGTAGCG,1,1559
AAGTAATATATCTGCTTTTGAATATGCTATCTAGATTGGTC,1,1560
AAGGTTGGTGGTTCGGGCCCACCCAGGGAC,1,1561
AAGGTGTTAGTACATCTTG,1,1562
AAGGGTGACGAAAATTTTACTGAGC,1,1563
AAGGGCTTCTGTCGTGAGTGGCACACTTAGGG,1,1564
AAGGGCTTCTGTCGTGAGTGGCACACGTAGGGCAGCT,1,1565
AAGGGCAGGGCGCCTTGGAATGGG,1,1566
AAGGATTGGCTCTAAGGG,1,1567
AAGGATGCTGGCGTAATGGTCATTAGCGACCC,1,1568
AAGGACGCCCTGGGAGCAG,1,1569
AAGCTGCCAGTTGACGAACTG,1,1570
AAGCTACCAATTGACGAACTGT,1,1571
AAGCCTTGGTTGTGGGATCTGT,1,1572
AAGCCGGCTGGAGCCCCGG,1,1573
AAGAGTTGGACATGACTGAGC,1,1574
AAGAGTCAGGCACAACTGAGC,1,1575
AAGAGTCAGACACGACTGAGCGC,1,1576
AAGAGTACCTGAAATTGCTGAAAGGGA,1,1577
AAGAGGGCTCAGTCAAATTATTCGTGTTT,1,1578
AAGAGGAGAGTGAAACAGTTGACTTAAAGCTC,1,1579
AAGAGGAAGAGAAGGAGAAAGAAGAAAAGG,1,1580
AAGAGCTCAGGATGTGAATCTGCGC,1,1581
AATACTAATTGCTCGTGCGGCTTGACC,1,1582
AATAGATCCGTAACTTTGGGAAAAGGATTGGCTCTGAGGGT,1,1583
AATCCCGGGGCCGAGGGAGCC,1,1584
ACAACCCCCCACTGCTAAATTTGACTGG,1,1585
ACAGGGACGACAACATCTGGGCCGTG,1,1586
ACAGCATAGCCGAGTAGTACTAATTACCC,1,1587
ACAGCACACCAGAAGTGGAACCTGCGGCT,1,1588
ACACTGACTGAGCCAGCGAGTTCTTCCTTGACCGAAAGGTC,1,1589
ACACGTGCGAGAGTCAGGGGC,1,1590
ACACGGACAGGATTGACAG,1,1591
ACACGGACAAGATTGACAGA,1,1592
ACACCTGAGTGTCGGCCCCG,1,1593
ACACCTCGGTGAAGAGCATGTCTGCCTCAGCGTCGGGT,1,1594
ACAATAAATACTGATACAGGGCTCTT,1,1595
ACAACGGATCTCTTGGTTCTGGCATCGATGAAGAACGCAGCGAAATGCGA,1,1596
ACAACGGATCTCTTGGTTC,1,1597
ACAACGGATATCTTGGCTCTCGCAACGAT,1,1598
ACAACCCCCAACTGCTAAATTTGACTG,1,1599
AATCCCGGGGCCGAGGGAGCCAGCC,1,1600
AATTGCAGAATTCCGTGAATCATCG,1,1601
AATTGAACGTGGACATTTGAATGTATCGTTACT,1,1602
AATTCCGTGAATCATCGAATCTTTG,1,1603
AATTCCACACGTTCCCGTGG,1,1604
AATGGCTCAGTGAGGCGTCCGGACT,1,1605
AATGGCGCCACTAGGGTTG,1,1606
AATGGATTTTTGGAGCAGGG,1,1607
AATGATCATTTCGTCACAATACGAGAACTCA,1,1608
AATGACACGATCACTCCCGTTGAGTGT,1,1609
AATGACACGATCACTCCCGTTG,1,1610
AATCTTTGAACGCACATTGCGCCCGCCAG,1,1611
AATCTCGACTGCATAATTTCTGGTAGTGGGGG,1,1612
AATCGGTCGTCCGACCTGGGTATAGGGGCGAAAGACT,1,1613
AACTTGGTCATTTAGAGGAAGTAAAAGTCGTAACAAGG,1,1614
AACTTCTCGAATCGCACGGC,1,1615
ACATCTCAACTGACAACACAAAACCCTGCCCTAGAACAGGGCTTGG,1,1616
AACTGGCCCACAAAGTCCCGCT,1,1617
AAAGTTGGTATACAACCCCCCACTGCTAAATTTGACTGGCT,1,1618
AAAGTTGCTGCAGTTAAAAAGCTCGTAGTTGGATCTTGGGAG,1,1619
AAAGTAGGACATTGTCAGGCT,1,1620
AAAGTAGGACATCGTCAGGCT,1,1621
AAAGGGCTTCTGTCGTGTGGCACACGTAGGG,1,1622
AAAGGCGAAAAGAACCCCGGGAGG,1,1623
AAAGGAGAGCCAGGGGTTGTAGGACCAC,1,1624
AAAGCAGGCCCGAGCCGCCTGGAT,1,1625
AAAGAAGACCCTGTTGAGC,1,1626
AAAGAACGAGAAGCAGAACTTGGAGCTAGGGCA,1,1627
AAACTTTCAACAACGGATC,1,1628
AAACTTCCTTGGATGTCTGAGCGA,1,1629
AAACGAGAACTTTGAAGGCCGAAGTGGAGAAGGGTTCC,1,1630
AAACCGTTACCATTACTGCGTT,1,1631
AAACCGTTACCATTACTGAGTT,1,1632
AAACCGTTAACATTACTGAGTTT,1,1633
AAAATAGATCCGTAACTTCGGGAT,1,1634
AAAAGGTGTTGGTTGATATAGACAGCAGGACGGTGGCCATGGAAG,1,1635
AAAAGGTGTTGGTTGATATAGACAGCAGGACGGTGGCCATGG,1,1636
AAAAGGTGTTGGTTGATAGCAGGACGGTGGCCA,1,1637
AAAAGGTGTTGGGTGATATAGACAGCAG,1,1638
AAAAGGCAGAGGAACCAGAGA,1,1639
AAAAGCTGGGTTGAGAGGGCGA,1,1640
AAAAGAGCAGCGGTTCCT,1,1641
AAAACCGGAATGAACTTTTTGGGA,1,1642
AAAAAGGGCTTCTGTCGTGAGTGGCACACGTAGGG,1,1643
AAAAAGGGCATCTGTCGTGAGTGGCACACGTAGGGCAG,1,1644
AAAAAAGGGCTTCTGTCGTGAGTGGCACACGTAGGGCAG,1,1645
AAAAAAGGGATTCTGTCGTGAGTGGCACACGTAGGGC,1,1646
AAATACTGATACAGGGCTCT,1,1647
AAATAGATCCGTAACTTCGGGATAAGGA,1,1648
AAATAGCTGTGTAACCTTGGAAGATTCAGTGGCTCCAAAGGCTG,1,1649
AACCGTGACGTGGCAGTGGACGG,1,1650
AACGTTGCCATCGTTGGGCCCCGAGTTCGATTCTCGGCTGGTGCACCATG,1,1651
AACGGGCTTGGCAGAATCAGCG,1,1652
AACGGGCTTGGCAGAATCAG,1,1653
AACGGCCTCTAGTGCAGATCTTGG,1,1654
AACGGATTTTTGGAGCAGG,1,1655
AACGCACATTGCGCCCGCCAGTATTCTGGCGGGCAAG,1,1656
AACGATTAGGGTGCTGTCTCGGAGA,1,1657
AACGAGACTCTGGCATGCTAACTAGTTACGCGACCCCCGAGCGGTCGGCT,1,1658
AACGAGACTCTGGCATGCTAACTAGTTACGCGACCCC,1,1659
AACGAGACTCTGGCATGCTAACTAGTT,1,1660
AACGAAAGTCGGAGGTTCG,1,1661
AACCTCGACTCCGTCAGTAGC,1,1662
AACCGTGGTAATTCTAGAGCTAATACATG,1,1663
AACCGCGAGTCATCAGATCTTTG,1,1664
AAATCAGCCAAACTCCGAATGCCGGT,1,1665
AACCGAGCGTCCCGGCTC,1,1666
AACCCGTCCGATTTCAGAAGTTAAACCTCATCAG,1,1667
AACCCGTAGATCCGATCTTGT,1,1668
AACCCCCCACTGCTAAATTTGACTGGCTT,1,1669
AACCATAGAAAGTGAAAGTCTTGTACTCGAAAACTG,1,1670
AACATTCATTGCTGTCGGTGGGAA,1,1671
AACATTCAACGCTGTCGGTGG,1,1672
AACATTCAACGCTGTCGGTGAGTTT,1,1673
AACATTCAACGCTGTCGGTGAG,1,1674
AACATTCAACGCTGTCGGTG,1,1675
AACATATTAGCATGGAATGACACGATAGGACTC,1,1676
AACAGATCGGTTCAATTTC,1,1677
AAATTCTTGGACCGGCGCAAGACGTA,1,1678
ACATAGCGACGTCGCTTTTTGATCCT,1,1679
ACATGCAAGTCGAACGAAGC,1,1680
AGCTCGGTCTGAGGCCCCTCAGTT,1,1681
AGAATAGGACGTGTGGTTCTAT,1,1682
AGCAGAGTGACGCAGCGGAAGCGTGCTGGGC,1,1683
AGCAGAGTAGCGCAGCGGGAGCGTGCTGGGC,1,1684
AGCAGAACTGGCGATGCGGG,1,1685
AGCAGAACTGGCGATGCGG,1,1686
AGCACAGTCGAGTAGTACTAATTACCC,1,1687
AGCAAGCCTACGCTCTGAATACTTTAGT,1,1688
AGATTAGCGGAACTCTCTGGAAAGTGC,1,1689
AGATGGAAAGAGAAACAAAAAGAAAA,1,1690
AGAGTTGGACCTGGCTGAGGTGACTTAGC,1,1691
AGAGTTCTACAGTCCGACGATCGAGGGACT,1,1692
AGAGTGGCGCAGCGGAAGCGTGCTGGGC,1,1693
AGAGTGCGCAGCGGACGCGTGCTGGGC,1,1694
AGAGGTCCCGGGTTCATCCCGGACGAGCC,1,1695
AGAGGGAGTCTGTGAACT,1,1696
AGAGGGAGCCTGAGAAACGGCT,1,1697
AGAGGAGAGTGAAACGGTTGGC,1,1698
AGAGGAGAAAAAAGGAGAGGAG,1,1699
AGAGCCCTTCGTCCCGGGAC,1,1700
AGAGCCCGGATAGCTCAGTCGGTAGAGCATCAGA,1,1701
AGAGAGGGGCCCGTGCCT,1,1702
AGAGAGGGGACCGTGCCT,1,1703
AGACTTTTAATCTGAGGGTCCAGGGTTCAGGTCCCTGTTCGGGCGCCATG,1,1704
AGACTTAGCCTTTCGACCGGG,1,1705
AGACGCGACCTCAGATCAGAC,1,1706
AGACGACTTACTTCAGGACCGGGTATTGTA,1,1707
AGACCGCCTGGGAATACCGGGTGCTGTAGGCTT,1,1708
AGACCCTGTTGAGCTTGACTCTA,1,1709
AGACCCGCGGGCGCTCTCCAGTCCG,1,1710
AGACCCGCGAGCGCTCTCCAGTCCT,1,1711
AGCAGAGTGCGCAGCGGGAGCGTGCTGGGC,1,1712
AGCAGAGTGGCGCAGCGGAAGCGTTCTGGGC,1,1713
AGCAGAGTGGCGCAGCGGAGCGTGCTGGGC,1,1714
AGCGCACAAGTAGAGTGATCGAAAGATG,1,1715
AGCTCGGTCTGAGGCCCCTCAG,1,1716
AGCTCGGTCTGAGGCCCC,1,1717
AGCTCAGGATGTGAATCTGCGC,1,1718
AGCTATCATCCGTCGGATTACGGCTGA,1,1719
AGCGTGGCGCTCTACCCTATGGAA,1,1720
AGCGGGATGAGCTCCCCATGTGAATCTGTGT,1,1721
AGCGGGATGAGCTCACCATGTGAATCTGTGT,1,1722
AGCGGAGGAACAGAAACTAACCAGGATTCCCTCAG,1,1723
AGCGCTGAGAAGACGGTCGAACTTGACTATC,1,1724
AGCGCAGTGAGAGTTGATCTCTGTTG,1,1725
AGCGCACGTGTTAGGACCCGAAA,1,1726
AGCGCACGTGTTAGGACC,1,1727
AGCGCACGTGTTAGAGGAGTCTAACACGTGCGCGAGTCAGGGGCT,1,1728
AGCGATCATAGCGACGTTGCT,1,1729
AGCAGAGTGGCGCAGCGGCAGCGTGCTGGGC,1,1730
AGCCTTGGTTGTAGGATCTGT,1,1731
AGCCTGGCTTGGAGAATTTTGAGC,1,1732
AGCCGTGATCGTATAGTGGTTAGTACTCTGC,1,1733
AGCCGGCGGGAGCCCCGG,1,1734
AGCCGGATCCGTAACTTCGGGATAAGGATTG,1,1735
AGCCGCTGCTGCAGAACACCGACTACCGCGTCGTGATCGACATGACGCAG,1,1736
AGCCCCGTCTTGTCGGATA,1,1737
AGCAGTGGCGCAGCGGAAGCG,1,1738
AGCAGGACGGTGGCCATGGAAGTCGGAATCCGCTAAGGAGTGTGTAACAA,1,1739
AGCAGCATTGTACAGGGC,1,1740
AGCAGCATTATACAGGGC,1,1741
AGCAGAGTTGCGCAGCGGAAGCGTTCTGGGC,1,1742
AGCAGAGTTACGCAGCGGAAGCGTGCTGGGC,1,1743
AGAATGCCGAAACAACCAGGAG,1,1744
AGAAGTTCGTGCTGAAGGCCTGTTTCCTAGGCTACATACGGAGG,1,1745
ACCAAAGAAAGTGATAGTCTTGTAGT,1,1746
AGAAGGTTGCGTGTTCATGTCACGTCGGGGTC,1,1747
ACGAGACTCTAGCCTGCTAAATAGTACG,1,1748
ACGAGAACTTTGAAGGCCGAAGTGGATAAGGGTTC,1,1749
ACGAATGCCGTGGGGGCAACTCTG,1,1750
ACCTGACTGAACTCCCCCCGGACCGAGAGGTAGCAAGGGTAGGTT,1,1751
ACCTAGATCGTTCAATGGTCAGG,1,1752
ACCGGGTGCTGTAGGCTT,1,1753
ACCGCGGCGGTGCGCCGCTACCGGC,1,1754
ACCGATCCCGGAGAAGCCGGCGGGAGCC,1,1755
ACCGAAAGGTTGGTGGTTCGAGCCCACCCAGGGAC,1,1756
ACCGAAAGGTTGGTGGTTCGAGCCCACACAGGGAC,1,1757
ACCGAAAGGATGGTGGTTCGAGCCCACCCAGGGAC,1,1758
ACCCTGTAGACCCGACTTT,1,1759
ACCCTGCCAGTTGAAGAAC,1,1760
ACCCTGAACGCGCCCGATC,1,1761
ACCCGTGAAGAGTTTTAAGAGTATTCTGTTCTCATTGACCCGAGGCGCTG,1,1762
ACCCGAAACCGAGTGATCTATCCATG,1,1763
ACCCCTGTCGGGTGTACC,1,1764
ACCCACTGGAGAACTCGGGATCCCGTCCG,1,1765
ACCAGTAGGCCGAGGCCCCTCA,1,1766
ACCAGGAGCACGCGCTGACGAAT,1,1767
ACCAGACAGATGATATTTGGTCAGTGGGAT,1,1768
ACCACCGGGGAAGCGCACGTACTGTACAGTT,1,1769
ACCACAGTGTAGAACCACGG,1,1770
ACCACAGGGTCGAACCACGGAC,1,1771
ACCACAGGGTATAACCACGGACT,1,1772
ACCACAGGGTAGAACCACGGACT,1,1773
ACCACAGGGTAGAACCACGGACC,1,1774
ACCACAGGGAAGAACCACGGA,1,1775
ACCAATCCTCTGTACAGCTCCTTCGACGAGTCGAGTAG,1,1776
ACGAGCTCTTGAGTATAAG,1,1777
ACGATTCTCCCTGGTGGTCTAGTGGTTAGGATTCGGC,1,1778
ACGCAGGTGTCCTAGGGTCAGCTC,1,1779
ACTGAAGCGGGAAGAGCTCAGGATGTGAATCTGCGC,1,1780
AGAAGCTCTTCTGAGTGAACCCCGTGCATGCCATTCTCAGTGTCGAACTG,1,1781
AGAAGCCGGCGGGAGCCCCGGCGGTCGTTTGTTCAAATCCGACGGG,1,1782
AGAAGCCGGCGGGAGCCCC,1,1783
AGAACTGGACATGGAACAACAGACTGGT,1,1784
AGAACTAAAGTCGGAGGTTCGAAGACGATCAGA,1,1785
AGAAATCAAAGTGCTTGGGCT,1,1786
AGAAACGCTGGGCTGGAAGAAGC,1,1787
AGAAAACTAATTGTTATTGTATTTTTGAACTGACGGGT,1,1788
ACTTAAATCGGAGGAAGGTGGGGACGA,1,1789
ACTGTTGTACGTCATCGGGTGGAGGACT,1,1790
ACTGGGCTGGAGGAAGCACAAACTGGAATCAAGATTGCTAGGA,1,1791
ACTGCCTCTAGTGCCGATCT,1,1792
ACTGACGCTCGTAAAGTCCCGAACCTGATAA,1,1793
ACTCGTTCGGCACTTTACGAG,1,1794
ACGCCAGGATCAACGTTGCGGCTAATTA,1,1795
ACTATGAGATTTCTGTCTGACATA,1,1796
ACTAGACCTAGCCCAAAGATACCC,1,1797
ACGTTGATAGGGGGTGTGGAAGCG,1,1798
ACGTGAAATTGTTGAAAGGGAAGCGCTTGTGACCAGACTTGG,1,1799
ACGGTCGAACTTGACTATC,1,1800
ACGGCCCTGGCGGAGCGCTGAGAAGACGGTCGAACTTGACTATC,1,1801
ACGGACCAGACTCCTACGGG,1,1802
ACGCTGGGAGAGTAGGTAGCTGCCATAT,1,1803
ACGCGCATCAATGGATTAACGAGAT,1,1804
ACGCGACCTCCGATCAGACG,1,1805
ACGCGACCTCAGATCCGACGTGGCGACCCGCTGAA,1,1806
ACGCGACCTCAGATCAGACGTGGCGACCCGCTGAAT,1,1807
ACGCGACCTCAGATCAGACG,1,1808
CCCCCCACTGCTAAATTTGACTGGCTTT,1,1809
CCCCCCACTGCTAAATTTGACTGGCTTTGGGGGCCGGCGGC,1,1810
CCCCGGGGAGCCCGGCGGGC,1,1811
GATTCAGAAATGTAGTGGTTATCACG,1,1812
GCATTGGTGGTTCAGTGGTAGACCTCTCGCTGGACTTCTGGGGTG,1,1813
GCATTGGTGGTTCAGTGGTAGAATTCTA,1,1814
GCATTGGTGGTTCAGTGGTAGAATTCT,1,1815
GCATTGGTGGTTCAGTGG,1,1816
GCATTGGTGGTTCAGTGAGAATTCTCGC,1,1817
GCATTGGTGATTCAGTGTAGAATTCTCAC,1,1818
GCATTGGTGATTCAGTGGTAGAATTCTA,1,1819
GCATTAGTGGTTCAGTGGTAGAATTC,1,1820
GCATTAGTGATTCACTGGTAGAATTCTCGC,1,1821
GCATGTGGTTCAGTGGTAGAATTCTCT,1,1822
GCATGGGTGGTTCAGTGTTAGAATTCTCGC,1,1823
GCATGGGTGGTTCAGTGGTATAATTCTCGCC,1,1824
GCATGGGTGGTTCAGTGGTAGAATTCTAG,1,1825
GCATGGGTGGTTCAGTGGTAGAATTCTA,1,1826
GCATGGGTGGTTCAGTGGTAGAATTC,1,1827
GCATGGGTGGTTCAGTAGAATTCTCGC,1,1828
GCATGAGTGCTTCAGTGGTAGAATTCTCGC,1,1829
GCATGAGCGCACGTGTTAGGAC,1,1830
GCATAGAGGGTGAGAGCCCCGTCTGGTCGGATACCAATC,1,1831
GCAGTGATCGTATAGTGGTTAGTACTCTGC,1,1832
GCAGGGTCGGGCCTGGTTAGGACCTTGGATGGGAGACCACC,1,1833
GCAGGACTGTGGCCATGGAAGTCGGAATCCGCTAAGGAGTGTGTAACAAC,1,1834
GCAGACGACTTAAACTAAACGA,1,1835
GCAGACAGGGATTCGAATTCCCTTGGGGGTACC,1,1836
GCACGTGTTAGGACCCGA,1,1837
GCACAAGTTGAGTGATCGAAAG,1,1838
GCAAGGAGAGTAGCTTGTCGCCAGGAC,1,1839
GCAAAAGCTAGCTTGATCTTGATTT,1,1840
GATTGGATGGTTTAGTGAGGCCCTCGGAT,1,1841
GCATTGGTGTTTCAGTGGTAGAATTCTCG,1,1842
GCATTGTCGATCAGTGGTAGAATTCTCACCT,1,1843
GCCAAGGTCGCGGGTTCGATCCCCGTACGGGC,1,1844
GCCCGGATGATCCTCAGTGGTCTGGGGTGCAGG,1,1845
GCCCTGGCGGAGCGCTGAGAAGACGGTCGAACTTGA,1,1846
GCCCTGGCGGAGCGCTGAGAAGACGGTCG,1,1847
GCCCGTCTAGCTCAGTCGGTAGAGCATGGGAC,1,1848
GCCCGTCTAGCTCAGTCGGTAGAGCATGAGAC,1,1849
GCCCGGCTAGCTCAGTCTGTAGAGCATGAGA,1,1850
GCCCGGCTAGCTCAGTCGGTAGAGCATAAGA,1,1851
GCCCGGCTAGCTCAGTCGGAGAGCATGG,1,1852
GCCCGGCTAACTCAGTCGGTAGAGCATGG,1,1853
GCCCGGCTAACTCAGTCGGTAGAGCATGAG,1,1854
GCCCGGCTAACTCAGTCGGTAGAGCATAGG,1,1855
GCCCGGCTAACTCAGTCGGTAGAGCATAAGA,1,1856
GCCCGGCTAACTCAGTCGGTAGAGCATAAG,1,1857
GCCCGGATGATCCTCAGTGGTCTGGGGTGCAGGC,1,1858
GCCCGGATAGCTCAGTCGGTAGAGCATCAGA,1,1859
GCCAAGGTCGCGGGTTCGGTCCCCGTACGGGC,1,1860
GCCCGGATAGCTCAGTCGGTAGAGCATCA,1,1861
GCCCGGATAGCTCAGTCGGTAGAGCATC,1,1862
GCCCGGATAGCTCAGTCGGTAGAGCATAAGA,1,1863
GCCCGGATAACTCAGTCGG,1,1864
GCCCGGACACGGACCGGATTGACAGA,1,1865
GCCCGCGTCGTGTGTGAGGAGGAACC,1,1866
GCCCGCCGGCGGCCGCGCCGGGCCT,1,1867
GCCCGACTATCTCAGTCGGTAGAGCATGAG,1,1868
GCCCGACTAGCTCAGTCGGTAGAGCATGAGA,1,1869
GCCCCATGGACTGTAGCC,1,1870
GCCATGGAAGTCGGAATCCGCTAAGGACTGG,1,1871
GCCATAGAGGGTGAGAGCCCCGTCTGGTCGGATACC,1,1872
GCCAATGGGACAAACCTAAACCAGGCTATTGAGACGCTCCTGGACCTGGA,1,1873
GATTCCCATTCTTGCGACCCGGGTTCGTTTCCCGGG,1,1874
GATTAGTATAAACAGCTGTTAACTGTTAGACCTTGGTTTGACTCCAAGTA,1,1875
GCCCTGGCGGAGCGCTGAGAAGACGGTCGCACT,1,1876
GATGTTGGATCAGGACATCCTGATGGTGCAACC,1,1877
GACTCTTAGCGGTGGATCACTCGGCTC,1,1878
GACTCTTAGCGGTGGATCACTC,1,1879
GACTCTTAGCGGTGGATCA,1,1880
GACTCTTAGAGGTGGATCTCGGC,1,1881
GACTCTTAGAGGTGGATCACTCGGC,1,1882
GACGATCAGGAGTCTAACACGTGCGCGAGTCAGGGGCT,1,1883
GACGAACTCCGAATGCCGTAGTATGCTCAAG,1,1884
GACCTCGTAGCTCAGCTGGTAGA,1,1885
GACCCAGTGGACTGTCGTCCTCCAGGCTCCTCTGTCCA,1,1886
GACATAGGAGGTGTAGAATAGG,1,1887
GAATTGACGGAAGGGCACCACCAGGAGTGGAGCCTGCGGCTTAATTTGTG,1,1888
GAAGTCGGAATCCGCTAAGGAGTGTGTAACAACTCACCTGC,1,1889
GAAGGGACGGGCGATGGCCTCCGTTGCC,1,1890
GAAGCCGGCGGGAGCCCCGGG,1,1891
GAAGCCGGCGGGAGCCCCGG,1,1892
GAAGACGGTCGAACTTGACTAT,1,1893
GAAGAAAGTCGGCATCTCGCAAGAGTCG,1,1894
GAACTATAGAGTTTGCTCCTGGCTC,1,1895
GAACCGAAGCTGCGGATGCA,1,1896
GAAAGGTTGGTGGTTCGTGCCCACCCAGGGAC,1,1897
GAAAGGTTGGTGGGTCGTGCCCACCCAGGGAC,1,1898
GAAAGAAGACCCTGTTGAGCTTGACTCTA,1,1899
GAAACCTCACCCGGCCCGGACACGGACAG,1,1900
GAAAAGTTCGTTCGGGTTTTTC,1,1901
GAAAAGGTGTTGGTTGATATAGACAGCAGGACGGTGGCCA,1,1902
GAAAAGAAAATAACAAGGATTCCCCT,1,1903
GAAAAAATTAGAGTGCTCCAGG,1,1904
CTTTTACTGACCCGTCTTGTAACACG,1,1905
CTTTGATCCCGGAATACCC,1,1906
GACTCTTAGCGGTGGATCACTCGGCTCGTGCGTCGATGAAGA,1,1907
GACTCTTAGCGGTGGATCACTCGGCTCGTGCGTCGATGAAGAA,1,1908
GACTCTTAGCGGTGGATCACTCGGCTCGTGCGTCGATGAAGAACGCATGG,1,1909
GAGGAAAAGAAAGTAAAAACGATTCCCTTAGTAGCGGCGAGCGAAGCGGG,1,1910
GATGGTAAGGACGCAGTCGAATGGG,1,1911
GATCCTGGGTTCGAATCCCAGCGAGGCC,1,1912
GATACCGCCAGGGAATACCGGGTGCTGAAGGCTTT,1,1913
GAGTTCTACAGTCCGACGATCGCCGTTATCGTATAGTTGTTAGTACTCTG,1,1914
GAGTATGGTCGCAAGGCTGAAACT,1,1915
GAGTAGAACGATGCCGGACT,1,1916
GAGTAGAAAATCGCATAAGTGTCC,1,1917
GAGGTATACAGACTGACGCCTGCCC,1,1918
GAGGGTCCAGGGTTCCGGTCCCTGTTCGGGCG,1,1919
GAGGGTCCAGGGTTCATGTCCCTGTTCGGGC,1,1920
GAGGGAGCCTGAGAAACGGCTAC,1,1921
GAGGGAGCCTGAGAAACGGCT,1,1922
GAGGCGTCCGGACTGGCC,1,1923
GAGGAAAAGAAAGTAAAAACGATTCCCTTAGTAGCGGCGAGCGAAACGGG,1,1924
GACTCTTAGCGGTGGCTCACTCGG,1,1925
GAGCGCTGAGAAGACGGTCGAACTTGAC,1,1926
GAGCGCTGAGAAGACGGTCGAAC,1,1927
GAGATTGAGCAATAACAGGTCTGTGATG,1,1928
GAGATGCAAACCGCCGCTCAGAGCTCTGCG,1,1929
GAGAGTAGGTCGCTGCCGAACT,1,1930
GAGAGGTCCCGGGTTCAGATCCCGGACGAGC,1,1931
GAGAGGGAGCCTGAGAAAT,1,1932
GAGAGCCCGGATAGCTCAGTCGGTAGAGCCTCAGA,1,1933
GAGAGATCAGTGGCGCAGAGT,1,1934
GAGAGAACTCAGGAGAAGG,1,1935
GAGAAGCCGGCGGGAGCCCCGGG,1,1936
GAGAAGACTCTTGAGAGTCCCTTGGAC,1,1937
GACTTACGGGATTGCAATGAGAACAATTTAAAAACCTTAACGAG,1,1938
GCCCTGGCGGAGCGCTGAGAAGACGGTCGAACTTGACTATCT,1,1939
GCCGAATTGAAGTCTAAAGAGG,1,1940
CTTTAATTGTTGAGTATGTGAACTCCA,1,1941
GCGGCGACTCTGGACGCGAGCC,1,1942
GCTGTGGTTAAGTGGTAGAATTCTCGC,1,1943
GCTGTGATCGTATAGTGGTTAGTACTC,1,1944
GCTGTGATCATATAGTGGTTAGTACTCTGCG,1,1945
GCTGGTCCGACGGTAGTGAGTTATCTCAAT,1,1946
GCTGGTCCGAAGGTCGTGAGTTATCTCAA,1,1947
GCTGGGGATTGTGGGTTCGGGTCCCATCTGGGTC,1,1948
GCTGGAGGCCCGGGTTCGTTTCCCGGCCAA,1,1949
GCTGCGGCGAGCGCGTCCCCGCCCCGCC,1,1950
GCTGCCCGGATTCGACTCCCGGT,1,1951
GCTGCCCCACGTCCTCCACCAAAGCCCATGTAAGGATCCAAGTCCTT,1,1952
GCTGAGAAGACGGTCGAACTTGACTATC,1,1953
GCTGACAAGAAGATGGCCGTCGCGACT,1,1954
GCTCGTTTGGTCTAGGGGTATGATTCTC,1,1955
GCTCGTTGGTCTAGGGGTCTGATTCTCGCTT,1,1956
GCTCGTGAAGCTCAATTGGTTG,1,1957
GCTCGGCTAGCTCAGTCGGTAGAGCATGAGA,1,1958
GCTCGCTTGGTCTAGGGGTATGATTCTCGC,1,1959
GCTCGCTTGGTCTAGGGGTATGATTCTA,1,1960
GCTCGCTTGATCTAGGGGTATGATTCTCGC,1,1961
GCTCGCTTGATCTAGGGGTATGATTCT,1,1962
GCTATGACTGCGGATTCTGATTCCG,1,1963
GCGTCCCCCGGGGCGCGGCGCGGCG,1,1964
GCGGTGAAATGCGTAGATATTTGAAAGAACACCG,1,1965
GCGGGTTTAGCTCAGTTGGGA,1,1966
GCGGGTTCTCCCCGTACGGGC,1,1967
GCGGGCATAGCTCAGTGGTAGAGC,1,1968
GCGGGAGGCCCGGGTTCGTTTCCCGGCCAA,1,1969
GCGGGAGGCACGGGTTCGTTTCCCGGCCAATGCACCA,1,1970
GCGGCGGTGCGCCGCGACCGGCTCCGGGACGGCTGGGAAGGCCGGCGGGG,1,1971
GCTGTTATCGTATAGTGGTTAGTACTCAGCG,1,1972
GCTTACGCAATTTTTGGACGT,1,1973
GCTTGGTACGGTCGGACATCGTA,1,1974
GGAGCGCTGAGAAGACGGTCG,1,1975
GGCCCGTTCGTCTAGGGGTTAGGACA,1,1976
GGCCCCATGGTGTAATGGTTAGCACTCTGGAC,1,1977
GGCCATGGAAGTCGGAATCCGCTAAGGAGTGTGTAACAACTCACCTGCCT,1,1978
GGCATGCGTCTGATTAGCTAGTTGGCGAGG,1,1979
GGCACGTTCGTCTAGGGGTATGATTCTC,1,1980
GGATTCGGCGCTCTCACCGCCGCGGCCCGGGTTCGATTCCCGGTCAGGGA,1,1981
GGATCTGAAGTGTAGTGGTTATCACATCCGCT,1,1982
GGATAAGGATTGGCTCTAAGG,1,1983
GGAGTCTAACACGTGCGCGAGTCAGGGGCT,1,1984
GGAGTCTAAAACGTGCGCGAGTCAGGGGC,1,1985
GGAGGAACACCGATGGCGAAGGCAGGTCTCTGGGCT,1,1986
GGAGCGGGTTCTGCCAGAAGTAGGTAGC,1,1987
GGAGCGCTGAGAAGACGGTCGAACTTGACTATC,1,1988
GGAGATCTCCGAATGAGGCAACTTTTATACTACT,1,1989
GCTTGGTCTAGGGGTATGATTCTCG,1,1990
GGAGAGGTCGGCAGTTCGATCCTGCCCATGGGCACCA,1,1991
GGACGGTGGCCATGGAAGTCGGAATCCGCTAAGGAGTGTGTAACAACTCA,1,1992
GGAATACCGGGTGCTGTAGGCTTT,1,1993
GGAATACCGGGTGCTGTAGGCTT,1,1994
GGAAGTCGGAATCCGCTAAGGAGTTTGTAACAACTCACCTGCCGA,1,1995
GGAAGTCGGAATCCGCTAAGGAGTGTGTAACAACTCACCT,1,1996
GGAAGCTAAGCAGGGTCGGGCCTG,1,1997
GGAAAGGCGGTTACTTTTGGACCG,1,1998
GCTTTGGTCTAGGGGTATGATTCTCGCT,1,1999
GCTTTGGTCTAGGGGTATGATTCTCGC,1,2000
GCTTTGGTCTAGGGGTATGATTCT,1,2001
GCTTGGTCTAGGGGTCTGATTCTC,1,2002
GCTTGGTCTAGGGGTATGATTCTCGC,1,2003
GCGGCGGGGGGGGGAATTCTCGGGGGGCAAAGAACTCCAGTCACTCGAAG,1,2004
GCGGCCCGGGTTCGTTTCCCGGTCAGGG,1,2005
GCCGAGGAAACGGTTGTTCGATTCT,1,2006
GCGGAGCGCTGAGAAGACGGTCGA,1,2007
GCCGTGATCGTATAGTGGTTAGTAATCTGCG,1,2008
GCCGTGATCGTATAGTGGTTAGCACTCT,1,2009
GCCGTGATCGTATAGTGGTTAGAACTCTGCG,1,2010
GCCGTGATCGTATAGTGGTCAGTACTCTG,1,2011
GCCGTGATCGTATAGTGGTAGTACTCTGCG,1,2012
GCCGTGATCGTATAGTGGTAGTACTCTGC,1,2013
GCCGTGATCGTATAGTGGCTAGTACTCTGC,1,2014
GCCGTGATCGTATAGTGGATAGTACTCTGC,1,2015
GCCGTGATCGTATAGTAGTTAGTACTCTG,1,2016
GCCGTGATCGTAAAGTGGTTAGTACTCTGC,1,2017
GCCGTGATCGGATAGTGGTTAGTACTCTGC,1,2018
GCCGTGATCATCTAGTGGTTAGTACTCTGCTGG,1,2019
GCCGTGATCATATAGTGGTTAGTACTCTGCTGGAATTCTCGGGTGGG,1,2020
GCCGTGATCATATAGTGGTTAGTACTCTGCGTTG,1,2021
GCCGTGATCATATAGTGGTTAGTACTCTGCGG,1,2022
GCCGTGATCATATAGTGGTTAGTACTCAG,1,2023
GCCGTGATCATATAGTGGTTAGTACTC,1,2024
GCCGTGAACATATAGTGTTTAGTACTCTGC,1,2025
GCCGTCATCGTATAGTGTTAGTACTCTGC,1,2026
GCCGTCATCGTATAGTGGTTAGTACTCTGCGT,1,2027
GCCGTCATCGTATAGTGGTTAGTACTCTG,1,2028
GCCGTCATCATATAGTGGTTAGTACTCAGCG,1,2029
GCCGTAATCGTATAGTGGTTAGTACTCTGCGTTG,1,2030
GCCGTAATCATATAGTGGTTAGTACTCTGC,1,2031
GCCGTAATCATATAGTGGTAGTACTCTGC,1,2032
GCCGGTATCGTATAGTGGTTAGTACTCTG,1,2033
GCCGGGCGCACGTCGGTTGGT,1,2034
GCCGCCCATCGTATAGTGGTTAGTACTCTGCG,1,2035
GCCGATCGAAAGGGAGTCGG,1,2036
GCCGTGATCGTATAGTGGTTAGTACTCAGCGTTG,1,2037
GCCGTGATCGTATAGTGGTTAGTACTCTGCA,1,2038
GCCGTGATCGTATAGTGGTTAGTACTCTGCGGGAATTCTCGGGGTCCAAG,1,2039
GCCTGTCTGAGCGTCGCTT,1,2040
GCGCTGAGAAGACGGTCGAACT,1,2041
GCGCCGCTGGTGTAGTGGTATCATTCAAGA,1,2042
GCGCCGCTGGTGTAGTGGTATCATGCAAGC,1,2043
GCGCCGCTGGTGTAGTGGTATCATGCAAGATTCCCATTCTTGCGACCCGG,1,2044
GCGCCGCTGGTGTAGTGGTATCATGCAAGATTCCC,1,2045
GCGCCGCTGGTGTAGTGGTATCATGCA,1,2046
GCGCACGTACTGTACAGC,1,2047
GCGCACCACCGGCCCGTCTCGCC,1,2048
GCGAGGACATGCGAATGAGAGTTTCT,1,2049
GCGAGAGGTCCCGGGTTCAGATCCCGGACGAGCC,1,2050
GCGAGAGGTCCCGGGTTCAAATCCCGGACGAGCC,1,2051
GCCTTGATCGTATAGTGGTTAGTACTCTGCG,1,2052
GCCTTGATCGTATAGTGGTTAGTACTCTGC,1,2053
GCCTGTCTGAGCGTCGCT,1,2054
AAAAAAAGGGCTTCTGTCGTGAGTGGCACACGTAGGGCAGC,1,2055
GCCTACGATCTGCTGAGGTTCTGCCTCTGTTCCTGTGATTTGT,1,2056
GCCGTTATCGTATAGAGGTTAGTACTCTGCG,1,2057
GCCGTGATCGTATCGAGGTCAGTAGTCTGC,1,2058
GCCGTGATCGTATAGTGTTTAGTACTCTGC,1,2059
GCCGTGATCGTATAGTGGTTATTACTCTGC,1,2060
GCCGTGATCGTATAGTGGTTATTACTCAGC,1,2061
GCCGTGATCGTATAGTGGTTAGTACTCTGTG,1,2062
GCCGTGATCGTATAGTGGTTAGTACTCTGCTGGGATTCTTGGGTGGCCA,1,2063
GCCGTGATCGTATAGTGGTTAGTACTCTGCTGGGATTCCTGGGTGGCCAG,1,2064
GCCGTGATCGTATAGTGGTTAGTACTCTGCTGGGATT,1,2065
GCCGTGATCGTATAGTGGTTAGTACTCTGCTGGGAATTCCCGGTTGCCAA,1,2066
GCCGTGATCGTATAGTGGTTAGTACTCTGCT,1,2067
GCCGTGATCGTATAGTGGTTAGTACTCTGCGTGGA,1,2068
CTTTGAACGCACATTGCGCCCGCCAG,1,2069
CTTGTACTCGAAAACTGAAC,1,2070
CCCCTCGCCGCTGAGGGGCAGAGAGCGAGACTTT,1,2071
CGAAAGGTCCCCGGTTCGTAACCGGGCGGAAAC,1,2072
CGCAGAAGGTCCTGGGTTCGGGCCCCAGTGGAACC,1,2073
CGCAGAAGGTCCTGGGTTCGAGCCCCAGTGGAACCT,1,2074
CGCAGAAGGTCCTGGGTTCGAGCCCCAGTGGAAC,1,2075
CGCAGAAGGTCCTGGGTTCGAGCCCCAATGGAAC,1,2076
CGCAGAAGGACCTGGGTTCGAGCCCCAGTGGAACC,1,2077
CGCAGAAGACGCTAAGGGTTGGATTGTTCACCC,1,2078
CGCAAGGCTACAACTCAA,1,2079
CGATTCCCAGTTTGTCCACCA,1,2080
CGATTAGTACTAATAACCC,1,2081
CGATGGTTCATTCAAATTTCTGCCCTATC,1,2082
CGATAACGAACGAGACCTTAACCTGCTAAATAG,1,2083
CGAGCTGGTATATCGGTAACATATAACA,1,2084
CGAGCTCTTGAGTATAAGCCTACCGAAGCCTGTTCTTC,1,2085
CGAGCCGCCGGTGACATACCACTAC,1,2086
CGAGAGGTCCCGGGTTCATATCCCTGACGAGCC,1,2087
CGAGAGGTCCCGGGTTCATATCCCGGACGAGC,1,2088
CGAGAGGTCCCGGGTTCAATCCCGGACGAGC,1,2089
CGAGAGGTCCCGGGTTCAAATCCCGGACGAGCC,1,2090
CGAGAGGTCCCGGGTTCAAATCCCGGACGAGC,1,2091
CGAGAGACCGATAGCGAACAAGTACTGTGAAGGAAAGATGGAAAGAACTT,1,2092
CGAGACAACAAGAAGACCC,1,2093
CGAGAACTTATCTAAACCTTATCA,1,2094
CGACTGTTTAATTAAAACAAAGCATC,1,2095
CGAATTTGGATCTGCGCACCA,1,2096
CGAATCTTTGAACGCACATTGCGCCCGCCAG,1,2097
CGAAGGAAAGATGAAAAGAACT,1,2098
CGAACGAGACTCTAGCCTGCTAAATAGTACGCCGATCT,1,2099
CGAACGAGACCTCAGCCT,1,2100
CGAAAGTAGGACATTGCCAAGCT,1,2101
CGCAGAAGGTCCTGGGTTCGTGCCCCAGTGGAAC,1,2102
CGCAGCAACCTCGGTTCGAATCCGAGTAACGGC,1,2103
CGCAGGATATTTGAGAGGCTTCC,1,2104
CGCGCGCCGGTGTCTCCGGGGGGGCCGGGCCGCCCCTCC,1,2105
CGGAATCCGCTAAGGAGTGTGTAACAACTCACCTGCCGAATCAACTAGCC,1,2106
CGCTTGTGACCAGACTTGGGCCC,1,2107
CGCTTGTGACCAGACTTG,1,2108
CGCTGCGGTGAGCCTTGAAGCCTA,1,2109
CGCTGCAGCTGCTCGCCGGGCTG,1,2110
CGCTCTGTGAAGTTAAGCATGTTCGGGCTCGGTTAGTACTACGGT,1,2111
CGCTCTCACCGCCGCGGCCCGGGTTCGTTTCCCGGTCAGGGAAC,1,2112
CGCGTGACCTATACTCGGCCATG,1,2113
CGCGGGATGGAGCAGTTGGTAGCT,1,2114
CGCGGGAGACCGGGGTTCGATTCCCCGA,1,2115
CGCGGCTGGACGAGGCGCCGC,1,2116
CGCGGCGTCCGGTGAGCTCTCGCT,1,2117
CGCGGCCCGGGTTCGTTTCCCGGT,1,2118
CGCGCCGCCGGTGAAATACCACTAC,1,2119
CGCCAATGGTAGTGTGGGGTCTCCCCATGTGAGAGTAGGTCATCGTCAGG,1,2120
CGCGAGCAGAGTGCGCAGCGGAAGCGTGCTGGGC,1,2121
CGCGACCTCAGATCCGACGTGGCGACCCG,1,2122
CGCGACCTCAGATCCGACG,1,2123
CGCGACCTCAGATCAGACGTGGCGACCCGCTGAATT,1,2124
CGCGACCTCAGATCAGACGTGGCGACCCGCTGAA,1,2125
CGCGACCTCAGATCAGACGTGGCGACCCG,1,2126
CGCGACCTCAGATCAGACGCGGCCCCGGG,1,2127
CGCCGTGATCGTATCGTGGTTAGTACTCTGC,1,2128
CGCCGTCCCCGCCGGCGGGCCGTCGCCCGCG,1,2129
CGCCGCGGCCCGGGTTCGTTTCCCGGTCAGGGA,1,2130
CGCCGCGGCCCGGGTTCGTTTCCCGGTAAGGG,1,2131
CGCCGCGGCACGGGTTCGTTTCCCGGTAAGGG,1,2132
CGCCGCGAGGCGAGCCACCGCC,1,2133
CGAAAGGTTGGTGGTTCGAGCCCACCCAGGGAC,1,2134
CGAAAGATGGTGAACTATGCCT,1,2135
CGGAGCGCTGAGAAGACGGTCGA,1,2136
CCTTTGCAGACGACTTAGCTGTGCGAAACGGTCCTGTA,1,2137
CCGCTAAGGAGTGTGTAACAACTCACCTGC,1,2138
CCGCGGTGGGGCGCGGGACATGTGTCGTACGGAAGAC,1,2139
CCGCGATTCGTTGCGGAC,1,2140
CCGCCTGTCACGCGGGAGACCGGGGT,1,2141
CCGCCTGGGAATACCGGGTGCTGTAGGCTT,1,2142
CCGCCGCGGCCCGGGTTCGTTTCCCGGTCAGGGAA,1,2143
CCGCCACGGCCCGGGTTCGTTTCCCGGTCAGG,1,2144
CCGATTGGATGGTCCGGTGAGGAGTCGGGATTGTGGCTTGGT,1,2145
CCGAGAGGTCCCGGGTTCAGATCCCGGACGAGC,1,2146
CCGAGAGGTCCCGGGTTCAAATCCCGGACGAGCC,1,2147
CCGACTGTCTAATTAAAACAAAGCATTGCGATGGCCTGAGAAGTGAATTC,1,2148
CCGACCCGGGTTGAAGACA,1,2149
CCGACAGACGATTCCTTGCTG,1,2150
CCGAATGAACTAGCCCTGA,1,2151
CCGAATCCCGGGGCCGAG,1,2152
CCGAAAGGTTGGTGGTTCGAGCCCACCCAGGGAC,1,2153
CCCTTCGGGCGTAGACTTATAGCCCAGG,1,2154
CCCTGTGGTATAGTGGTTAGGATTCGGC,1,2155
CCCTGGTGGTCTAGTGGTTAGGATTCTGC,1,2156
CCCTGGTGGTCTAGTGGTTAGGATTCGG,1,2157
CCCTGGCGGAGCGCTGAGAAGACGGTCGAACTTG,1,2158
CCCTGCCGGGCGCACCATCCCTGTGGTCTAGTGGCTAGGATTCGGCTGGA,1,2159
CCCGTGGATCGCCCCAGC,1,2160
CCCGTCCGCCTGGCCTTTGGAACCAGATGTCTCCGAGTCGA,1,2161
CCCGGGGCTACGCCTGTCTGAGCGTCGCT,1,2162
CCCGACTAGCTCAGTCGGTAGAGCATGAGA,1,2163
CCCCTGTGGTCTAGTGGTTAGGATTCGGCGCT,1,2164
CCCCTGTGGTCTAGTGGTTAGGATTCGGCGC,1,2165
CCCCTGTGGACTAGTGGTTAGGATTCGGC,1,2166
CCGCTCCCCGTTCCTCCCGACCC,1,2167
CCGGAAAGCTCTCCAAACT,1,2168
CCGGAATGTACGCTCATCAGA,1,2169
CCTCTCGAGTGGAAGCAAAGAAGCCCGCTCTGCTCTCGAGTCGCGACGGG,1,2170
CCTTGGGACTGGCTCCGAGAGGTCTGCA,1,2171
CCTTGGCCCACCACTGCTAAATTTGACAGGCTT,1,2172
CCTTGATCGAATAGTGGTTAGTACTCTG,1,2173
CCTGTTCAACATCAACGCCGGCATCGTGACCACGCT,1,2174
CCTGGCGGAGCGCTGCGACGACGGTC,1,2175
CCTGGCGGAGCGCTGAGAAGTCGGTCGAACTTGACTATC,1,2176
CCTGGCGGAGCGCTGAGAAGACGGTCGAACTTGACTATC,1,2177
CCTGGCGGAGCGCTGAGAAGACGGTCGAAC,1,2178
CCTGGCGGAGCGCTGAGAAGACGGTCGAA,1,2179
CCTGGCGGAGCGCTGAGAAGACGGTCG,1,2180
CCTGCTAGCACAGTCGGTAGAGCATGGAA,1,2181
CCTGAAAGCTCTCCAAACTCGGTCATTTAGAGG,1,2182
CCTCTGTAAAGCTCCTTCGACGAGTCGAGTAGTTT,1,2183
CCTAGGACCATATCACGTTGAATGCACCGGTTCTCGTCCGATC,1,2184
CCGGAGAGGGAGCCTGAGAAACGGCTAACAC,1,2185
CCTACCGATACTTTGGTCAACTGATTTAAGTGTTCTG,1,2186
CCGTGATCGTCTAGTGGTTAGTACTCTG,1,2187
CCGTGATCGTATAGTGGTTAGTACTCTGCGTTG,1,2188
CCGTGATCGTATAGTGGTTAGTACTCTG,1,2189
CCGTAATCGTATAGTGGTTAGTACTCTGC,1,2190
CCGGTGGCGGGGGGAGGTCTTCCCCCCGCGGGGGCCCGGGC,1,2191
CCGGGGCCGGGAGCGGCCGGGGC,1,2192
CCGGGCCGCCGGTGCAATACCACTAC,1,2193
CCGGGACCTGACGGACTACC,1,2194
CCGGCTTACAGGCCATCTGGCGCT,1,2195
CCGGCGCGCCCCCGCCGCG,1,2196
CCGGATGATCCTCAGTGGTCTGGGGTGCAGGC,1,2197
CCGGAGTGGACGTACCGCTGGTGTACC,1,2198
CGGAGCAGACAGGGATTCGAATTCCCTTGGGGGTACC,1,2199
CGGAGCGCTGAGAAGACGGTCGAACTTGACTATC,1,2200
CTTGGGATCGAGCTGGCGGTCCGCC,1,2201
CTAGACTGAAGCTCCTTGAGA,1,2202
CTGACAACACAAAACCCTGCCCTAGAACAGGGCT,1,2203
CTGAAGAGTAGTTCGAGACCAGGACGTTGATAGGCTGGGTGTGGAATGGA,1,2204
CTGAAAATGGATGGCGCTGGAGCGTCGGGCC,1,2205
CTCTGTTCCTGTGATTTGT,1,2206
CTCTCTGAGTACTGAGTCGGGAGACC,1,2207
CTCTCATTGGACGAGGTCCACTGACATGGATGTCAGTCCA,1,2208
CTCGTAGTTGAACCTTGGGCCTGG,1,2209
CTCGTAGGTTCGAATCCTGCCACCCCAGCCA,1,2210
CTCGGTAATTGAAATGAGTACAGTTTAAAACCCTTAACGAGGATCTATTG,1,2211
CTCGGCTCGTGCGTCGATGAAGAACGCAGC,1,2212
CTCGGATTGGCGCAGCGGAAGC,1,2213
CTCGGATGGATTTGAGTAAGAGCATACGGGGCCG,1,2214
CTCGGATCGGCCCCGCCGGGGTCT,1,2215
CTCGGATCGGCCCCGCCGGGG,1,2216
CTCGGAAGCTCAGCAGGGTCGGGCCTGGTT,1,2217
CTCGGAAGCTAAGCAGGGTCGGGCCTGGT,1,2218
CTCCTTGGTCTAGGGGTATGATTCT,1,2219
CTCCTACTTGGATAACTGTGGTAATTCTAGAGCTAATACATGCCGACGGG,1,2220
CTCCGAAAAGGTCGTCGGTTCGAACCCGGCACGGGACACCA,1,2221
CTCCCCGGTTCGGAACCCC,1,2222
CTCAGTGAGGCCTTGGGACTGGCTCAGAGAGGTCGGCAACGACCACTCAG,1,2223
CTCAGGGTCGTGGGTTCGTGCCCCACGTTGGGC,1,2224
CTCAGGGTAGAAACGATGCCCT,1,2225
CTCAACGGATAAAAGTTACTCTAAGGAAAACAGGC,1,2226
CTCAAAGGTTCCGGGTTCGGGTCCCGGCGGAGTC,1,2227
CTATGATCCGGAGGTCTCCGAATGAGGAAACTTTT,1,2228
CTATACGACCTGCTGCCTT,1,2229
CTAGCAGCCGACTTAGAACTGGTGCGGACCAGGGGAATCCGACTGTT,1,2230
CTAGACTGAAGCTCCTTGAGT,1,2231
CTGACGTAGCTCAGCTGGCAGAGCAGCTGA,1,2232
CTGAGCATTATCCGAACTAAGAAACATGAAGTCCGATTGGT,1,2233
CTGAGGCTGGAGGATCGCTTGAGCTCAGGAGTTCTG,1,2234
CTGGTGATTCATGATAACTTCTCGAATCGCACGGC,1,2235
CTTGGATGGGAGACCGCCTGGGAATACCGGGTGCTGTAGGCTTTGGA,1,2236
CTTGCGGCCCCGGGTTCCTCCCGGGGCTACGCCTGTCTGAGCGTCGCTTG,1,2237
CTTCTCCACTCCCACTGCTTCACTTGACTAGCCT,1,2238
CTTCTCACTACTGCACTTGACTAGTCT,1,2239
CTTCGTATGCGAGTGTTCGGGTGTT,1,2240
CTTCACGTTCCTTAGCGACTGTAGCCACAATAGCAAGTCCCATCTGATGG,1,2241
CTTAGGGTCCAGGGTTCAAGTCCCTGTTCGGGC,1,2242
CTTAGATTAAGCCTTGGTTGTAGGATCTG,1,2243
CTGTTGGATAATGGCTGAACGCC,1,2244
CTGTGTAACAACTCACCT,1,2245
CTGTAAACCGAAAGGTCACCTGTTCG,1,2246
CTGGTTAGGATACCTGGCTTTCACCCA,1,2247
CTGGTGGTCTAGTGGTTAGGATTCGGC,1,2248
CTGGGGCTACACACGTGCTACAATGGCGACTACAAAGGGCC,1,2249
CTGATACTAATTGCTCGTGCGGCTTGAAC,1,2250
CTGGGCGACGGTTCTAACGTCTGGAACTCCCCGGCT,1,2251
CTGGGAAAAGGACGCTACTACAAGGAGACCTCTGGCCTGATGCTTGG,1,2252
CTGGCGGAGCTGAGAAGACGGTCGA,1,2253
CTGGCGGAGCGCTGCGAAGACGGTCGAACT,1,2254
CTGGCGGAGCGCTGAGAAGACGGTCGAACT,1,2255
CTGGCGGAGCGCTGAGAAGACGGTCG,1,2256
CTGGCGGAGCGCTGAGAAGACGG,1,2257
CTGGCATCGATGAAGAACG,1,2258
CTGGATCACCTCCTTTCT,1,2259
CTGGACTGAGGTTCGCGCATT,1,2260
CTGCTGAGATTAAGCCTTGGTTGTAGGATCTGT,1,2261
CTGCGGGATGCACCGAACGCCGGG,1,2262
CTGCCGAATCAATTAGCCCCGAAAATGGATGGCGCTG,1,2263
CTAGACTGAAGCTCCTTGAGGA,1,2264
CTACTATTCCCCCCTTCTCACTACTGCACTTGACTAGTC,1,2265
CGGAGCGCTGCGAAGACGGTCGAACT,1,2266
CTACTACCGATTGAATGGCTCA,1,2267
CGGTGACGACCAGCGAATCC,1,2268
CGGGGTCTGCCGGCCGTCGGCGGCGGCGGCGCCGGGGCGGG,1,2269
CGGGGGGCCGGCGGCGGCGGCGACTCTGGACGCGAGCC,1,2270
CGGGGCTACGCCTGTCTGAGCGTCGCT,1,2271
CGGGGCGTAGCTTAGCCTGGTAGAGCGCGTGGTTTGGGACCACGA,1,2272
CGGGGAAACAGGACTTTTACT,1,2273
CGGGCCTCCGGTGAAATACCACTAC,1,2274
CGGGCCGGCTGGTCCGATGGTAGTGGGTTACCAGAAC,1,2275
CGGGCCGCCGGTGAACTACCACTACT,1,2276
CGGGCCGCCAGTGACATACCACTAC,1,2277
CGGGAGGCCCGGGTTCGTTTCCCGGCCAATGC,1,2278
CGGGAGGCCCGGGTTCGTTTCCCGGCCA,1,2279
CGGGAGGCCCGGGTTCGTTTCCCGGCAAATGC,1,2280
CGGGAGACCGGGGTTCGATTCCCCGACGGGGAGCC,1,2281
CGGCGTTGGCCTGTCGGCGGACCGAGGAA,1,2282
CGGCGGCGTCGACTCTGGACGCG,1,2283
CGGCGGCGACTCTGGCCGCGAGCC,1,2284
CGGCGCTCTCACCGCCGCGGCCCGGGTTCGTTTCCCGGTCAGGGAACCAT,1,2285
CGGCGAGTGAAGCGGCAACAGCTC,1,2286
CGGCGAGCAGGGAGCGGAATATCAGGACTTCATC,1,2287
CGGCCGATAAGCACCCGGGGC,1,2288
CGGCCCTGGCGGAGCGCTGAGAAGACGGTCG,1,2289
CGGCCCCCAGGAGCAGACGAAGA,1,2290
CGGCCCCACGCACCAGGGTAAGA,1,2291
CGGCCCAGGCCAGCATCAGTTCGGTGTGGGGGATAAAGGCGGC,1,2292
CGGATTCGGCTTCTGCGA,1,2293
CGGATGATCCTCAGTGGTCTGGGG,1,2294
CGGAGGAAAAGAAACCAACAGGG,1,2295
CGGAGCTGGGGATTGTGGGTTCGGGTCCCATC,1,2296
CGGTGAGCTCTCGCTGGCC,1,2297
CGGTTGAACGCCTCTAAATCGGAATCCCATCTAAACTTG,1,2298
CGTATAGTGGTTAGTACTCTGCG,1,2299
CGTTAGTGTCACTAAAGTTGGTATACAACCCCCCACTGCTAAATTTGACT,1,2300
CTACAGTCCGACGATCTCCTGTACTGAGCTGCCCCGAG,1,2301
CTACAGTCCGACGATCGCCGTGATCGTATCGTGGTTAGTACTCTGCTGGA,1,2302
CTACAGTCCGACGATCGCCGTGATCGTATAGTGGTTAGTACTCTGCTGGA,1,2303
CTACAGTCCGACGATCCGATGTCGGCTCTTCCT,1,2304
CTACAGTCCGACGATCAGAAGCCGGCGGGAGCCCTGG,1,2305
CTAATTGCTCGTGAGGCTTGACC,1,2306
CTAAAGTTGGTATACCACCCCCCACTGCTAAATTTGACTGGCTT,1,2307
CTAAAGTTGGTATACAACCCCCCACTTCTAAATTTGACTGGCTT,1,2308
CTAAAGTTGGTATACAACCCCCCACTGATAAATTTGACTGGCTTTGG,1,2309
CGTTTCCGGGTCAAGAGACCA,1,2310
CGTTGACCTGACTGCAACACCCAACACC,1,2311
CGTTCTCGCTGGTGCACT,1,2312
CGTTCCCGTGGAGAACTCGGGATCCCG,1,2313
CGTGTGAAAGTAGGACATCGTCAGGCT,1,2314
CGTCCCTGGCGGAGCGCTGAGAAGACGGTCGAACTTGA,1,2315
CGTGTCTGGGCCACTGAGACCCCGTGATGGA,1,2316
CGTGGGTTTCCGTAGTGTAGTGGTTATCACGTTCGC,1,2317
CGTGGACGGAGTGAGGCCGGT,1,2318
CGTGCCGCCGGTGAAATACCACTA,1,2319
CGTGCCGCCAGTGACATACCACTAC,1,2320
CGTGATCGTATAGTGGTTCGTACTCTGCG,1,2321
CGTGAGGCCAGGGTTCGTTTCCCGGCCAATGC,1,2322
CGTGACTTGCCCCTTCGGGGGTG,1,2323
CGTGAATCATCGAATCTTTGAACGCACATTGCGCCCG,1,2324
CGTCTGATCTCGGAAGCTAAGCAGGGTCGGGCCTGGTTAGTACTTGGATG,1,2325
CGTCTGATCTCGGAAGCTAAGCAGGGTCGGG,1,2326
CGTCTGATCTCGGAAGCTAAGCAGGGT,1,2327
CGTCGAACGCAGTCTGCACCTTCTGGC,1,2328
TTTTTTACGGAGAGTTTGATCCTGGCTCAGG,1,2329
