"ID","ID Parent","Intitulé","Acronyme","Description","Type","Util adr parent","Rue","Numéro","Complément d'adresse","Code postal","Localité","Tél","Tél portable","Fax","Courriel","Site web","Région","Pays","UID"
2,,Formation - Institut provincial de formation du hainaut,IPFH,Institut provincial de formation du hainaut,,,,,,,,,,,,,,,
3,,Formation - IPFH - Académie de police,APPH,IPFH - Académie de police,,,,,,,,,,,,,,,
4,,Formation - IPFH - Ecole des secouristes ambulanciers,EPSAH,IPFH - Ecole des secouristes ambulanciers,,,,,,,,,,,,,,,
5,,Formation - IPFH - Ecole du feu,EPFH,IPFH - Ecole du feu,,,,,,,,,,,,,,,
6,,Formation - IPFH - Ecole d'administration,EA,IPFH - Ecole d'administration,,,,,,,,,,,,,,,
7,,Formation - IPFH - Appui psychologique aux intervenants,APPIH,IPFH - Appui psychologique aux intervenants,,,,,,,,,,,,,,,
8,,Enseignement - Hainaut Enseignement,HE,Hainaut Enseignement,,,,,,,,,,,,,,,
9,,Enseignement - Direction générale des enseignements du hainaut,DGEH,Direction générale des enseignements du hainaut,,,,,,,,,,,,,,,
10,,Enseignement - Direction générale regionale des enseignements du centre,DGRCE,Direction générale regionale des enseignements du centre,,,,,,,,,,,,,,,
11,,Enseignement - Athénée provincial mixte warocque,APC,Athénée provincial mixte warocque,,,,,,,,,,,,,,,
12,,Enseignement - Athénée provincial - La Louviere ,APLL ,Athénée provincial - La Louviere ,,,,,,,,,,,,,,,
13,,Enseignement - Ecole fondamentale provinciale d'application de morlanwelz,EPAM,Ecole fondamentale provinciale d'application de morlanwelz,,,,,,,,,,,,,,,
14,,Enseignement - Institut provincial d'enseignement Charles Deliège,IPCD,Institut provincial d'enseignement Charles Deliège,,,,,,,,,,,,,,,
15,,Enseignement - Institut provincial d'enseignement de promotion sociale - Binche - Carnières - Morlanwelz,IPEPS,Institut provincial d'enseignement de promotion sociale - Binche - Carnières - Morlanwelz,,,,,,,,,,,,,,,
16,,Enseignement - Institut provincial d'enseignement secondaire leon hurez - La Louviere,IPESLHLL,Institut provincial d'enseignement secondaire leon hurez - La Louviere,,,,,,,,,,,,,,,
17,,Enseignement - Institut provincial de nursing du centre,IPNC,Institut provincial de nursing du centre,,,,,,,,,,,,,,,
18,,Enseignement - Institut provincial des arts et metiers du centre,IPAMPS,Institut provincial des arts et metiers du centre,,,,,,,,,,,,,,,
19,,Enseignement - Institut technique et agricole de Soignies,ITASPS,Institut technique et agricole de Soignies,,,,,,,,,,,,,,,
20,,Enseignement - Lycee provincial des sciences et des technologies,LPST,Lycee provincial des sciences et des technologies,,,,,,,,,,,,,,,
21,,Enseignement - Centre d'éducation et de formation en alternance - La Louvière,CEFALL,Centre d'éducation et de formation en alternance - La Louvière,,,,,,,,,,,,,,,
22,,Enseignement - Ecole industrielle et commerciale d'Ecaussinnes,EICE,Ecole industrielle et commerciale d'Ecaussinnes,,,,,,,,,,,,,,,
23,,Enseignement - Direction générale régionale des enseignements de Charleroi,DGRCH,Direction générale régionale des enseignements de Charleroi,,,,,,,,,,,,,,,
24,,Enseignement - Institut d'enseignement technique et professionnel de promotion sociale,IPETP-FARCIENNES,Institut d'enseignement technique et professionnel de promotion sociale,,,,,,,,,,,,,,,
25,,Enseignement - Institut provincial d'enseignement secondaire paramedical - La samaritaine,SAMA,Institut provincial d'enseignement secondaire paramedical - La samaritaine,,,,,,,,,,,,,,,
26,,Enseignement - Institut provincial supérieur des sciences sociales et pédagogiques,IPSMAPS,Institut provincial supérieur des sciences sociales et pédagogiques,,,,,,,,,,,,,,,
27,,Enseignement - Institut supérieur industriel de promotion sociale,ISIPS,Institut supérieur industriel de promotion sociale,,,,,,,,,,,,,,,
28,,Enseignement - Universite du travail - Institut d'enseignement technique secondaire,IETS,Universite du travail - Institut d'enseignement technique secondaire,,,,,,,,,,,,,,,
29,,Enseignement - Universite du travail - Institut jean jaures,IJJ,Universite du travail - Institut jean jaures,,,,,,,,,,,,,,,
30,,Enseignement - Centre d'éducation et de formation en alternance - Charleroi,CEFA Charleroi,Centre d'éducation et de formation en alternance - Charleroi,,,,,,,,,,,,,,,
31,,Enseignement - Universite du travail - Institut d'enseignement technique secondaire ps,IETSPS,Universite du travail - Institut d'enseignement technique secondaire ps,,,,,,,,,,,,,,,
32,,Enseignement - Universite du travail - Institut d'enseignement technique commercial - ps,IETCPS,Universite du travail - Institut d'enseignement technique commercial - ps,,,,,,,,,,,,,,,
33,,Enseignement - Direction générale régionale des enseignements de wallonie picarde,DGRWAPI,Direction générale régionale des enseignements de wallonie picarde,,,,,,,,,,,,,,,
34,,Enseignement - Athénée provincial - Leuze,APL,Athénée provincial - Leuze,,,,,,,,,,,,,,,
35,,Enseignement - Centre d'éducation et de formation en alternance - Ath / Tournai,CEFA ATH-TOURNAI,Centre d'éducation et de formation en alternance - Ath / Tournai,,,,,,,,,,,,,,,
36,,Enseignement - Institut d'enseignement secondaire provincial paramedical - Tournai,IESPPT,Institut d'enseignement secondaire provincial paramedical - Tournai,,,,,,,,,,,,,,,
37,,Enseignement - Institut provincial d'enseignement secondaire - Ath,IPES ATH,Institut provincial d'enseignement secondaire - Ath,,,,,,,,,,,,,,,
38,,Enseignement - Institut provincial d'enseignement secondaire - Tournai,IPES TOURNAI,Institut provincial d'enseignement secondaire - Tournai,,,,,,,,,,,,,,,
39,,Enseignement - Institut provincial d'enseignement de promotion sociale de wallonie picarde - Leuze,IPEPS WAPI,Institut provincial d'enseignement de promotion sociale de wallonie picarde - Leuze,,,,,,,,,,,,,,,
40,,Enseignement - Direction générale régionale des enseignements de Mons-Borinage,DGRMB,Direction générale régionale des enseignements de Mons-Borinage,,,,,,,,,,,,,,,
41,,Enseignement - Académie Provinciale des métiers,APM,Académie Provinciale des métiers,,,,,,,,,,,,,,,
42,,Enseignement - Athénée provincial Jean d'Avesnes,APJA,Athénée provincial Jean d'Avesnes,,,,,,,,,,,,,,,
43,,Enseignement - Centre d'éducation et de formation en alternance - Mons,CEFA MONS,Centre d'éducation et de formation en alternance - Mons,,,,,,,,,,,,,,,
44,,Enseignement - &,CMAH,Cours des métiers d'art du hainaut - Mons,,,,,,,,,,,,,,,
45,,Enseignement - Ecole du futur,EDF,Ecole du futur,,,,,,,,,,,,,,,
46,,Enseignement - Institut d'enseignement secondaire paramédical provincial - Mons,IESPPM,Institut d'enseignement secondaire paramédical provincial - Mons,,,,,,,,,,,,,,,
47,,Enseignement - Lycee provincial Hornu Colfontaine,LPHC,Lycee provincial Hornu Colfontaine,,,,,,,,,,,,,,,
48,,Enseignement - Lycee provincial d'enseignement technique du hainaut - Saint-Ghislain,LETH,Lycee provincial d'enseignement technique du hainaut - Saint-Ghislain,,,,,,,,,,,,,,,
49,,Enseignement - Promotion sociale secondaire de Mons-Borinage,PROMSOC SEC,Promotion sociale secondaire de Mons-Borinage,,,,,,,,,,,,,,,
50,,Enseignement - Promotion sociale superieur de Mons-Borinage,PROMSOC SUP,Promotion sociale superieur de Mons-Borinage,,,,,,,,,,,,,,,
51,,Enseignement - Haute école provinciale de hainaut - Condorcet,HEPH CONDORCET,Haute école provinciale de hainaut - Condorcet,,,,,,,,,,,,,,,
52,,Enseignement - Centre psycho médico social - Ath,CPMS ATH,Centre psycho médico social - Ath,,,,,,,,,,,,,,,
53,,Enseignement - Centre psycho médico social - Binche,CPMS BINCHE,Centre psycho médico social - Binche,,,,,,,,,,,,,,,
54,,Enseignement - Centre psycho médico social - Charleroi 1,CPMS CHARLEROI1,Centre psycho médico social - Charleroi 1,,,,,,,,,,,,,,,
55,,Enseignement - Centre psycho médico social - Charleroi 2,CPMS CHARLEROI2,Centre psycho médico social - Charleroi 2,,,,,,,,,,,,,,,
56,,Enseignement - Centre psycho médico social - Charleroi 3,CPMS CHARLEROI3,Centre psycho médico social - Charleroi 3,,,,,,,,,,,,,,,
57,,Enseignement - Centre psycho médico social - La Louvière,CPMS LALOUVIERE,Centre psycho médico social - La Louvière,,,,,,,,,,,,,,,
58,,Enseignement - Centre psycho médico social - Mons 1,CPMS MONS1,Centre psycho médico social - Mons 1,,,,,,,,,,,,,,,
59,,Enseignement - Centre psycho médico social - Mons 2,CPMS MONS2,Centre psycho médico social - Mons 2,,,,,,,,,,,,,,,
60,,Enseignement - Centre psycho médico social - Morlanwelz,CPMS MORLANWELZ,Centre psycho médico social - Morlanwelz,,,,,,,,,,,,,,,
61,,Enseignement - Centre psycho médico social - Mouscron,CPMS MOUSCRON,Centre psycho médico social - Mouscron,,,,,,,,,,,,,,,
62,,Enseignement - Centre psycho médico social - Peruwelz,CPMS PERUWELZ,Centre psycho médico social - Peruwelz,,,,,,,,,,,,,,,
63,,Enseignement - Centre psycho médico social - Saint-Ghislain,CPMS SAINT-GHISL,Centre psycho médico social - Saint-Ghislain,,,,,,,,,,,,,,,
64,,Enseignement - Centre psycho médico social - Soignies,CPMS SOIGNIES,Centre psycho médico social - Soignies,,,,,,,,,,,,,,,
65,,Enseignement - Centre psycho médico social - Thuin,CPMS THUIN,Centre psycho médico social - Thuin,,,,,,,,,,,,,,,
66,,Enseignement - Centre psycho médico social - Tournai,CPMS TOURNAI,Centre psycho médico social - Tournai,,,,,,,,,,,,,,,
67,,Enseignement - Centre psycho médico social pour l'enseignement spécialisé - La Louvière,CPMSS LA LOUVIERE,Centre psycho médico social pour l'enseignement spécialisé - La Louvière,,,,,,,,,,,,,,,
68,,Enseignement - Centre psycho médico social pour l'enseignement spécialisé - Marcinelle,CPMSS MARCINELLE,Centre psycho médico social pour l'enseignement spécialisé - Marcinelle,,,,,,,,,,,,,,,
69,,Social - Direction generale de l'action sociale,DGAS,Direction generale de l'action sociale,,,,,,,,,,,,,,,
70,,Social - Service provincial de santé mentale,SPSM,Service provincial de santé mentale,,,,,,,,,,,,,,,
71,,Social - Service provincial de santé mentale - Implantation de Ath,SPSM ATH,Service provincial de santé mentale - Implantation de Ath,,,,,,,,,,,,,,,
72,,Social - Service provincial de santé mentale - Implantation de Binche,SPSM BINCHE,Service provincial de santé mentale - Implantation de Binche,,,,,,,,,,,,,,,
73,,Social - Service provincial de santé mentale - Implantation de Charleroi,SPSM CHARLEROI,Service provincial de santé mentale - Implantation de Charleroi,,,,,,,,,,,,,,,
74,,Social - Service provincial de santé mentale - Implantation de Colfontaine,SPSM COLFONTAINE,Service provincial de santé mentale - Implantation de Colfontaine,,,,,,,,,,,,,,,
75,,Social - Service provincial de santé mentale - Implantation de Courcelles,SPSM COURCELLES,Service provincial de santé mentale - Implantation de Courcelles,,,,,,,,,,,,,,,
76,,Social - Service provincial de santé mentale - Implantation de Mons,SPSM MONS,Service provincial de santé mentale - Implantation de Mons,,,,,,,,,,,,,,,
77,,Social - Service provincial de santé mentale - Implantation de Mouscron,SPSM MOUSCRON,Service provincial de santé mentale - Implantation de Mouscron,,,,,,,,,,,,,,,
78,,Social - Service provincial de santé mentale - Implantation de Saint-Ghislain,SPSM SAINT-GHISL,Service provincial de santé mentale - Implantation de Saint-Ghislain,,,,,,,,,,,,,,,
79,,Social - Service provincial de santé mentale - Implantation de Tournai,SPSM TOURNAI,Service provincial de santé mentale - Implantation de Tournai,,,,,,,,,,,,,,,
80,,Social - Entreprise de travail adapté,ETA,Entreprise de travail adapté,,,,,,,,,,,,,,,
81,,Social - Entreprise de travail adapté - Le relais de la haute sambre,ETA RHS,Entreprise de travail adapté - Le relais de la haute sambre,,,,,,,,,,,,,,,
82,,Social - Entreprise de travail adapté - Le roseau vert,ETA ROSEAUVERT,Entreprise de travail adapté - Le roseau vert,,,,,,,,,,,,,,,
83,,Social - Entreprise de travail adapté - Les criquelions,ETA CRIQUELIONS,Entreprise de travail adapté - Les criquelions,,,,,,,,,,,,,,,
84,,Social - Entreprise de travail adapté - Metalgroup,ETA METALGROUP,Entreprise de travail adapté - Metalgroup,,,,,,,,,,,,,,,
85,,Social - Entreprise de travail adapté - Moulin de la hunelle,ETA HUNELLE,Entreprise de travail adapté - Moulin de la hunelle,,,,,,,,,,,,,,,
86,,Social - Centre Arthur Régniers - Institut médico-pédagogique,CAR,Centre Arthur Régniers - Institut médico-pédagogique,,,,,,,,,,,,,,,
87,,Social - Centre Provincial d'enseignement spécialisé à Mons,CPESM,Centre Provincial d'enseignement spécialisé à Mons,,,,,,,,,,,,,,,
88,,Social - CPESM - enseignement fondamental - Orée du Bois,CPESM - EF,CPESM - enseignement fondamental - Orée du Bois,,,,,,,,,,,,,,,
89,,Social - CPESM - enseignement fondamental spécialisé,CPESM - EFS,CPESM - enseignement fondamental spécialisé,,,,,,,,,,,,,,,
90,,Social - CPESM - enseignement secondaire spécialisé,CPESM - ESS,CPESM - enseignement secondaire spécialisé,,,,,,,,,,,,,,,
91,,Social - Ecole Clinique,EC,Ecole Clinique,,,,,,,,,,,,,,,
92,,Social - EC - enseignement fondamental spécialisé,EC - EFS,EC - enseignement fondamental spécialisé,,,,,,,,,,,,,,,
93,,Social - EC - enseignement secondaire spécialisé,EC - ESS,EC - enseignement secondaire spécialisé,,,,,,,,,,,,,,,
94,,Social - Institut médico-pédagogique Le roseau vert,IMP ROSEAU VERT,Institut médico-pédagogique Le roseau vert,,,,,,,,,,,,,,,
95,,Social - Institut médico-pédagogique René Thône de la Louviere,IMP LA LOUVIERE,Institut médico-pédagogique René Thône de la Louviere,,,,,,,,,,,,,,,
96,,Social - IMP LLV - enseignement fondamental spécialisé,IMP LLV EFS,IMP LLV - enseignement fondamental spécialisé,,,,,,,,,,,,,,,
97,,Social - IMP LLV - enseignement secondaire spécialisé,IMP LLV ESS,IMP LLV - enseignement secondaire spécialisé,,,,,,,,,,,,,,,
98,,Social - Institut médico-pédagogique Rene Thône de Marchienne-au-pont,IMP MARCHIENNE,Institut médico-pédagogique Rene Thône de Marchienne-au-pont,,,,,,,,,,,,,,,
99,,Social - IMP MaP - enseignement fondamental spécialisé,IMP MaP EFS,IMP MaP - enseignement fondamental spécialisé,,,,,,,,,,,,,,,
100,,Social - IMP MaP - enseignement secondaire spécialisé,IMP MaP ESS,IMP MaP - enseignement secondaire spécialisé,,,,,,,,,,,,,,,
101,,Social - Institut médico-pédagogique Rene Thône de Marcinelle,IMP MARCINELLE,Institut médico-pédagogique Rene Thône de Marcinelle,,,,,,,,,,,,,,,
102,,Social - IMP Marc - enseignement fondamental spécialisé,IMP Marc EFS,IMP Marc - enseignement fondamental spécialisé,,,,,,,,,,,,,,,
103,,Social - IMP Marc - enseignement secondaire spécialisé,IMP Marc ESS,IMP Marc - enseignement secondaire spécialisé,,,,,,,,,,,,,,,
104,,Social - Les Tourelles,SAAE TOURELLES,Les Tourelles,,,,,,,,,,,,,,,
105,,Social - Services d'aide en milieu de vie provinciaux,SAMVP,Services d'aide en milieu de vie provinciaux,,,,,,,,,,,,,,,
106,,Social - SAMVP - Service d'accueil familial - Mons,SAF MONS,SAMVP - Service d'accueil familial - Mons,,,,,,,,,,,,,,,
107,,Social - SAMVP - Service d'aide precoce - Charleroi,SAP CHARLEROI,SAMVP - Service d'aide precoce - Charleroi,,,,,,,,,,,,,,,
108,,Social - SAMVP - Service d'aide precoce - Lobbes,SAP LOBBES,SAMVP - Service d'aide precoce - Lobbes,,,,,,,,,,,,,,,
109,,Social - SAMVP - Service d'aide précoce - Mons,SAP MONS,SAMVP - Service d'aide précoce - Mons,,,,,,,,,,,,,,,
110,,Social - SAMVP - Service d'aide précoce - Tournai,SAP TOURNAI,SAMVP - Service d'aide précoce - Tournai,,,,,,,,,,,,,,,
111,,Social - SAMVP - Service d'accompagnement pour handicapes adultes - Mons,SACPH MONS,SAMVP - Service d'accompagnement pour handicapes adultes - Mons,,,,,,,,,,,,,,,
112,,Social - SAMVP - Service d'accompagnement pour handicapes adultes - Mont-sur-Marchienne,SACPH M-S-MARCH,SAMVP - Service d'accompagnement pour handicapes adultes - Mont-sur-Marchienne,,,,,,,,,,,,,,,
113,,Social - Service d'accompagnement pour handicapes adultes - Tournai,SACPH TOURNAI,Service d'accompagnement pour handicapes adultes - Tournai,,,,,,,,,,,,,,,
114,,Cult / Tour - Hainaut Culture Tourisme,HCT,Hainaut Culture Tourisme,,,,,,,,,,,,,,,
115,,Cult / Tour - HCT - Secteur Education permanente et jeunesse,HCT-SEP,HCT - Secteur Education permanente et jeunesse,,,,,,,,,,,,,,,
116,,Cult / Tour - HCT - Secteur Littérature (Maison Losseau),HCT-SL,HCT - Secteur Littérature (Maison Losseau),,,,,,,,,,,,,,,
117,,Cult / Tour - HCT - Secteur des Arts plastiques,HCT-SAP,HCT - Secteur des Arts plastiques,,,,,,,,,,,,,,,
118,,Cult / Tour - HCT - Secteur Bibliothèque,HCT-SB,HCT - Secteur Bibliothèque,,,,,,,,,,,,,,,
119,,Cult / Tour - HCT - Secteur audiovisuel et musique,HCT-SAV,HCT - Secteur audiovisuel et musique,,,,,,,,,,,,,,,
120,,Cult / Tour - HCT - Secteur Cinéma,HCT-SC,HCT - Secteur Cinéma,,,,,,,,,,,,,,,
121,,Cult / Tour - HCT - Secteur Arts de la scène (Fabrique de Théâtre),HCT-SAS,HCT - Secteur Arts de la scène (Fabrique de Théâtre),,,,,,,,,,,,,,,
122,,Cult / Tour - HCT - Espaces muséaux (Grand Hornu),HCT-GH,HCT - Espaces muséaux (Grand Hornu),,,,,,,,,,,,,,,
123,,Cult / Tour - HCT - Espaces muséaux (BPS22),HCT-BPS22,HCT - Espaces muséaux (BPS22),,,,,,,,,,,,,,,
124,,HDT / sports - Hainaut sports,HS,Hainaut sports,,,,,,,,,,,,,,,
125,,HDT / sports - Hainaut développement territorial,HDT,Hainaut développement territorial,,,,,,,,,,,,,,,
126,,HDT / sports - Hainaut vigilance sanitaire,HVS,Hainaut vigilance sanitaire,,,,,,,,,,,,,,,
127,,HDT / sports - Cepesi,CEPESI,Cepesi,,,,,,,,,,,,,,,
128,,"HDT / sports - Centre pour la recherche, l'économie et la promotion agricole",CREPA,"Centre pour la recherche, l'économie et la promotion agricole",,,,,,,,,,,,,,,
129,,HDT / sports - Hainaut developpement,HD,Hainaut developpement,,,,,,,,,,,,,,,
130,,HDT / sports - Hainaut ingenierie technique,HIT,Hainaut ingenierie technique,,,,,,,,,,,,,,,
131,,HDT / sports - Observatoire de la sante du hainaut,OSH,Observatoire de la sante du hainaut,,,,,,,,,,,,,,,
132,,Services d'appui - Services transversaux stratégiques,,Services transversaux stratégiques,,,,,,,,,,,,,,,
133,,Services d'appui - STS - Direction générale,STS-DG,STS - Direction générale,,,,,,,,,,,,,,,
134,,Services d'appui - STS - Inspection générale des Ressources humaines,STS-IGRH,STS - Inspection générale des Ressources humaines,,,,,,,,,,,,,,,
135,,Services d'appui - STS - Inspection générale des finances,STS-IGF,STS - Inspection générale des finances,,,,,,,,,,,,,,,
136,,Services d'appui - STS - Service des Relations extérieures,STS-RELEXT,STS - Service des Relations extérieures,,,,,,,,,,,,,,,
137,,Services d'appui - STS - Communication,STS-COM,STS - Communication,,,,,,,,,,,,,,,
138,,Services d'appui - STS - Hainaut Concept Impression,HCI,STS - Hainaut Concept Impression,,,,,,,,,,,,,,,
139,,Services d'appui - Hainaut gestion du Patrimoine,HGP,Hainaut gestion du Patrimoine,,,,,,,,,,,,,,,
140,,Services d'appui - Services d'entretien et maintenance,SEM,Services d'entretien et maintenance,,,,,,,,,,,,,,,
141,,Services d'appui - Direction générale des systèmes d'information,DGSI,Direction générale des systèmes d'information,,,,,,,,,,,,,,,
142,,Services d'appui - Audit interne provincial,AIP,Audit interne provincial,,,,,,,,,,,,,,,
143,,Services d'appui - Service interne de prévention de de protection au travail,SIPPT,Service interne de prévention de de protection au travail,,,,,,,,,,,,,,,
144,,ASBL cat 1 - Amélioration du bien-être des handicapés du Centre Arthur Régniers (ABEHCAR ASBL),ABEHCAR,Amélioration du bien-être des handicapés du Centre Arthur Régniers (ABEHCAR ASBL),,,,,,,,,,,,,,,
145,,ASBL cat 1 - Association pour la Gestion et l'Exploitation touristiques et sportives des Voies d'Eau du Hainaut (VEH ASBL),VEH,Association pour la Gestion et l'Exploitation touristiques et sportives des Voies d'Eau du Hainaut (VEH ASBL),,,,,,,,,,,,,,,
146,,ASBL cat 1 - BPS 22 Musée d'Art de la Province de Hainaut (BPS22 ASBL),BPS22,BPS 22 Musée d'Art de la Province de Hainaut (BPS22 ASBL),,,,,,,,,,,,,,,
147,,ASBL cat 1 - Centre de Documentation et de Recherches Sociales du Hainaut (CEDORES ASBL),CEDORES,Centre de Documentation et de Recherches Sociales du Hainaut (CEDORES ASBL),,,,,,,,,,,,,,,
148,,ASBL cat 1 - Centre de l'Innovation et du Design (CID ASBL),CID,Centre de l'Innovation et du Design (CID ASBL),,,,,,,,,,,,,,,
149,,"ASBL cat 1 - Centre de Recherches, d'Essais et de Contrôles scientifiques et techniques pour l'Industrie Textile (CRECIT ASBL)",CRECIT,"Centre de Recherches, d'Essais et de Contrôles scientifiques et techniques pour l'Industrie Textile (CRECIT ASBL)",,,,,,,,,,,,,,,
150,,ASBL cat 1 - Centre Informatique du Hainaut (CIH ASBL),CIH,Centre Informatique du Hainaut (CIH ASBL),,,,,,,,,,,,,,,
151,,ASBL cat 1 - Centre pour l'Agronomie et l'Agro-Industrie de la Province de Hainaut (CARAH ASBL),CARAH,Centre pour l'Agronomie et l'Agro-Industrie de la Province de Hainaut (CARAH ASBL),,,,,,,,,,,,,,,
152,,ASBL cat 1 - Centre Provincial d'Essais Industriels de Charleroi (CEPESI ASBL),CEPESI,Centre Provincial d'Essais Industriels de Charleroi (CEPESI ASBL),,,,,,,,,,,,,,,
153,,ASBL cat 1 - Centres Provinciaux d'Hébergement et de Formation de Cadres du Hainaut (ASBL),CPHFCH,Centres Provinciaux d'Hébergement et de Formation de Cadres du Hainaut (ASBL),,,,,,,,,,,,,,,
154,,ASBL cat 1 - ETA Atelier Social Le Roseau Vert (ASBL),ETA ROSEAUVERT ASBL,ETA Atelier Social Le Roseau Vert (ASBL),,,,,,,,,,,,,,,
155,,ASBL cat 1 - ETA Criquelions services (ASBL),ETA CRIQUELIONS ASBL,ETA Criquelions services (ASBL),,,,,,,,,,,,,,,
156,,ASBL cat 1 - ETA Le Moulin de la Hunelle (ASBL),ETA MOULIN HUNELLE ASBL,ETA Le Moulin de la Hunelle (ASBL),,,,,,,,,,,,,,,
157,,ASBL cat 1 - ETA Le Relais de la Haute Sambre (ASBL),ETA RHS ASBL,ETA Le Relais de la Haute Sambre (ASBL),,,,,,,,,,,,,,,
158,,ASBL cat 1 - ETA Metalgroup (ASBL),ETA METALGROUP ASBL,ETA Metalgroup (ASBL),,,,,,,,,,,,,,,
159,,ASBL cat 1 - Fédération du tourisme de la Province de Hainaut (FTPH ASBL),FTPH,Fédération du tourisme de la Province de Hainaut (FTPH ASBL),,,,,,,,,,,,,,,
160,,ASBL cat 1 - Hainaut cinéma (ASBL),HCINEMA,Hainaut cinéma (ASBL),,,,,,,,,,,,,,,
161,,ASBL cat 1 - Hainaut Santé (ASBL),HSANTE,Hainaut Santé (ASBL),,,,,,,,,,,,,,,
162,,ASBL cat 1 - Hainaut Seniors Gestion (ASBL),HSENIORS,Hainaut Seniors Gestion (ASBL),,,,,,,,,,,,,,,
163,,ASBL cat 1 - Hainaut.Culture (ASBL),HCULTURE,Hainaut.Culture (ASBL),,,,,,,,,,,,,,,
164,,ASBL cat 1 - HD Gestion (ASBL),HDG,HD Gestion (ASBL),,,,,,,,,,,,,,,
165,,ASBL cat 1 - Hygiène Publique en Hainaut (ASBL),HPH,Hygiène Publique en Hainaut (ASBL),,,,,,,,,,,,,,,
166,,ASBL cat 1 - IMP Ecole-Clinique (ASBL),IMP ECLI ASBL,IMP Ecole-Clinique (ASBL),,,,,,,,,,,,,,,
167,,ASBL cat 1 - IMP La Louvière (ASBL),IMP LL ASBL,IMP La Louvière (ASBL),,,,,,,,,,,,,,,
168,,ASBL cat 1 - IMP Marchienne (ASBL),IMP MARCH ASBL,IMP Marchienne (ASBL),,,,,,,,,,,,,,,
169,,ASBL cat 1 - IMP Marcinelle (ASBL),IMP MARCI ASBL,IMP Marcinelle (ASBL),,,,,,,,,,,,,,,
170,,ASBL cat 1 - Institut Le Roseau Vert (ASBL),ROSEAUVERT ASBL,Institut Le Roseau Vert (ASBL),,,,,,,,,,,,,,,
171,,ASBL cat 1 - International Hainaut Tourisme (ASBL),IHT ASBL,International Hainaut Tourisme (ASBL),,,,,,,,,,,,,,,
172,,ASBL cat 1 - Les Tourelles (ASBL),TOURELLE ASBL,Les Tourelles (ASBL),,,,,,,,,,,,,,,
173,,"ASBL cat 1 - Office Provincial du Hainaut des Artisanats, des Industries et des métiers d'Art (OPMAH ASBL)",OPMAH ASBL,"Office Provincial du Hainaut des Artisanats, des Industries et des métiers d'Art (OPMAH ASBL)",,,,,,,,,,,,,,,
174,,ASBL cat 1 - Promotion de Mariemont (PROMAR ASBL),PROMAR ABL,Promotion de Mariemont (PROMAR ASBL),,,,,,,,,,,,,,,
175,,ASBL cat 1 - Service Provincial des Arts de la Scène (SPAS ASBL),SPAS ASBL,Service Provincial des Arts de la Scène (SPAS ASBL),,,,,,,,,,,,,,,
176,,ASBL cat 1 - Vers la Vie - Marcinelle (ASBL),VERSLAVIE,Vers la Vie - Marcinelle (ASBL),,,,,,,,,,,,,,,
177,,"ASBL cat 2 - A Chacun son Logis, à TRAZEGNIES ",ACSL,"A Chacun son Logis, à TRAZEGNIES ",,,,,,,,,,,,,,,
178,,ASBL cat 2 - Accueil et famille ,AFAM,Accueil et famille ,,,,,,,,,,,,,,,
179,,ASBL cat 2 - Antenne Centre ,ACENTRE,Antenne Centre ,,,,,,,,,,,,,,,
180,,ASBL cat 2 - Assemblée Transfrontalière ,ATRANSFONTALIERE,Assemblée Transfrontalière ,,,,,,,,,,,,,,,
181,,ASBL cat 2 - Association Carolorégienne pour la Gestion d'Habitations protégées ,ACGHP,Association Carolorégienne pour la Gestion d'Habitations protégées ,,,,,,,,,,,,,,,
182,,ASBL cat 2 - Association des Provinces wallonnes ,APW,Association des Provinces wallonnes ,,,,,,,,,,,,,,,
183,,ASBL cat 2 - Association Intercommunale d'Electricité du Sud du Hainaut ,AIESH,Association Intercommunale d'Electricité du Sud du Hainaut ,,,,,,,,,,,,,,,
184,,"ASBL cat 2 - Association intercommunale pour le développement économique et l'aménagement du territoire du Sud-Hainaut, à THUIN ",AIDEAT,"Association intercommunale pour le développement économique et l'aménagement du territoire du Sud-Hainaut, à THUIN ",,,,,,,,,,,,,,,
185,,ASBL cat 2 - Association pour l'Action de Développement Communautaire,AADC,Association pour l'Action de Développement Communautaire,,,,,,,,,,,,,,,
186,,ASBL cat 2 - Association Provinciale des Eleveurs et Détenteurs de Bétail Bovin du Hainaut,APEDBBH,Association Provinciale des Eleveurs et Détenteurs de Bétail Bovin du Hainaut,,,,,,,,,,,,,,,
187,,"ASBL cat 2 - BH-P Logements, à Hornu",BHP,"BH-P Logements, à Hornu",,,,,,,,,,,,,,,
188,,ASBL cat 2 - Bois-du-Luc. Musée de la Mine et du développement durable,BOISLUC,Bois-du-Luc. Musée de la Mine et du développement durable,,,,,,,,,,,,,,,
189,,"ASBL cat 2 - Centre culturel ""Le Sablon""",CCSABLON,"Centre culturel ""Le Sablon""",,,,,,,,,,,,,,,
190,,ASBL cat 2 - Centre culturel d'Aiseau-Presles,CCAISEAU,Centre culturel d'Aiseau-Presles,,,,,,,,,,,,,,,
191,,"ASBL cat 2 - Centre culturel d'Anderlues ""La Bourlette""",CCANDERLUES,"Centre culturel d'Anderlues ""La Bourlette""",,,,,,,,,,,,,,,
192,,ASBL cat 2 - Centre culturel de Boussu - C.C.B.,CCBOUSSU,Centre culturel de Boussu - C.C.B.,,,,,,,,,,,,,,,
193,,ASBL cat 2 - Centre culturel de Braine-le-Comte - C.C.B.L.C.,CCBRAINELECOMTE,Centre culturel de Braine-le-Comte - C.C.B.L.C.,,,,,,,,,,,,,,,
194,,ASBL cat 2 - Centre culturel de Colfontaine,CCCOLFONTAINE,Centre culturel de Colfontaine,,,,,,,,,,,,,,,
195,,ASBL cat 2 - Centre culturel de Farciennes,CCFARCIENNES,Centre culturel de Farciennes,,,,,,,,,,,,,,,
196,,ASBL cat 2 - Centre culturel de Fontaine,CCFONTAINE,Centre culturel de Fontaine,,,,,,,,,,,,,,,
197,,"ASBL cat 2 - Centre culturel de Frameries (éducation permanente, sports, jeunesse, loisirs, arts, culture, folklore - C.C.F.",CCFRAMERIES,"Centre culturel de Frameries (éducation permanente, sports, jeunesse, loisirs, arts, culture, folklore - C.C.F.",,,,,,,,,,,,,,,
198,,ASBL cat 2 - Centre culturel de Gerpinnes,CCGERPINNES,Centre culturel de Gerpinnes,,,,,,,,,,,,,,,
199,,ASBL cat 2 - Centre culturel de Leuze-en-hainaut - C.C.L.,CCLEUZEENHAINAUT,Centre culturel de Leuze-en-hainaut - C.C.L.,,,,,,,,,,,,,,,
200,,ASBL cat 2 - Centre culturel de Silly,CCSILLY,Centre culturel de Silly,,,,,,,,,,,,,,,
201,,ASBL cat 2 - Centre culturel de Soignies,CCSOIGNIES,Centre culturel de Soignies,,,,,,,,,,,,,,,
202,,ASBL cat 2 - Centre culturel de Thuin-Haute Sambre,CCTHUIN,Centre culturel de Thuin-Haute Sambre,,,,,,,,,,,,,,,
203,,ASBL cat 2 - Centre culturel d'Enghien,CCENGHIEN,Centre culturel d'Enghien,,,,,,,,,,,,,,,
204,,ASBL cat 2 - Centre culturel D'Herlaimont,CCHERLAIMONT,Centre culturel D'Herlaimont,,,,,,,,,,,,,,,
205,,ASBL cat 2 - Centre culturel du Pays des Collines - C.C.P.C.,CCPAYSCOLLINES,Centre culturel du Pays des Collines - C.C.P.C.,,,,,,,,,,,,,,,
206,,ASBL cat 2 - Centre culturel Joseph Faucon,CCJOSEPHFAUCON,Centre culturel Joseph Faucon,,,,,,,,,,,,,,,
207,,"ASBL cat 2 - Centre culturel local de Sivry-Rance ""Terre Chevrotine""",CCSIVRYRANCE,"Centre culturel local de Sivry-Rance ""Terre Chevrotine""",,,,,,,,,,,,,,,
208,,ASBL cat 2 - Centre culturel local en Thiérache,CCTHIERACHE,Centre culturel local en Thiérache,,,,,,,,,,,,,,,
209,,ASBL cat 2 - Centre culturel MJC,CCMJC,Centre culturel MJC,,,,,,,,,,,,,,,
210,,ASBL cat 2 - Centre culturel mouscronnois - C.C.M.,CCMOUSCRONNOIS,Centre culturel mouscronnois - C.C.M.,,,,,,,,,,,,,,,
211,,ASBL cat 2 - Centre culturel régional de Charleroi,CCRCHARLEROI,Centre culturel régional de Charleroi,,,,,,,,,,,,,,,
212,,ASBL cat 2 - Centre Culturel Régional du Centre,CCRCENTRE,Centre Culturel Régional du Centre,,,,,,,,,,,,,,,
213,,ASBL cat 2 - Centre culturel René Magritte - Foyer Culturel - C.C.R.M.,CCRENEMARGRITTE,Centre culturel René Magritte - Foyer Culturel - C.C.R.M.,,,,,,,,,,,,,,,
214,,ASBL cat 2 - Centre d'Action Touristique des Provinces Wallonnes,CATPW,Centre d'Action Touristique des Provinces Wallonnes,,,,,,,,,,,,,,,
215,,ASBL cat 2 - Centre de Coopération et de Recherche pédagogique et technique,CCRPT,Centre de Coopération et de Recherche pédagogique et technique,,,,,,,,,,,,,,,
216,,ASBL cat 2 - Centre d'Essais Horticoles de Wallonie,CEHW,Centre d'Essais Horticoles de Wallonie,,,,,,,,,,,,,,,
217,,"ASBL cat 2 - Centre Hospitalier Universitaire et Pyschiatrique de Mons Borinage, à Mons",CHUPMONSBO,"Centre Hospitalier Universitaire et Pyschiatrique de Mons Borinage, à Mons",,,,,,,,,,,,,,,
218,,ASBL cat 2 - Centre Interculturel de Mons et du Borinage,CIMONSBO,Centre Interculturel de Mons et du Borinage,,,,,,,,,,,,,,,
219,,ASBL cat 2 - Centre Local de Promotion de la Santé de Charleroi-Thuin,CLPSCHARLEROI,Centre Local de Promotion de la Santé de Charleroi-Thuin,,,,,,,,,,,,,,,
220,,ASBL cat 2 - Centre Local de Promotion de la Santé des Arrondissements de Mons et Soignies,CLPSMONS,Centre Local de Promotion de la Santé des Arrondissements de Mons et Soignies,,,,,,,,,,,,,,,
221,,ASBL cat 2 - Centre Local de promotion de la Santé du Hainaut Occidental Wallonie Picarde,SLPSHO,Centre Local de promotion de la Santé du Hainaut Occidental Wallonie Picarde,,,,,,,,,,,,,,,
222,,ASBL cat 2 - Centre Régional d'Action Interculturelle du Centre,CRAICENTRE,Centre Régional d'Action Interculturelle du Centre,,,,,,,,,,,,,,,
223,,ASBL cat 2 - Centre Universitaire Zénobe Gramme,CUZENOBE,Centre Universitaire Zénobe Gramme,,,,,,,,,,,,,,,
224,,"ASBL cat 2 - Centr'Habitat, à LA LOUVIERE",CHLALOUVIERE,"Centr'Habitat, à LA LOUVIERE",,,,,,,,,,,,,,,
225,,ASBL cat 2 - Charleroi dry port,CHARLEROIDRY,Charleroi dry port,,,,,,,,,,,,,,,
226,,ASBL cat 2 - Cité des Métiers de Charleroi,CITEMETCHARLEROI,Cité des Métiers de Charleroi,,,,,,,,,,,,,,,
227,,ASBL cat 2 - Club de la Presse du Hainaut - Centre culturel de la Communication,CLUBPRESSHAINAUT,Club de la Presse du Hainaut - Centre culturel de la Communication,,,,,,,,,,,,,,,
228,,ASBL cat 2 - Commission consultative des Maisons et Centres de Jeunes,CCMCJEUNE,Commission consultative des Maisons et Centres de Jeunes,,,,,,,,,,,,,,,
229,,ASBL cat 2 - Commission de Gestion du Parc Naturel des Hauts-Pays,CGPARCHAUTPAYS,Commission de Gestion du Parc Naturel des Hauts-Pays,,,,,,,,,,,,,,,
230,,"ASBL cat 2 - Commission de gestion du parc naturel du pays des collines - Parc naturel du Pays des Collines - P.N.P.C., à TOURNAI",CGPARCPAYSCOLLINES,"Commission de gestion du parc naturel du pays des collines - Parc naturel du Pays des Collines - P.N.P.C., à TOURNAI",,,,,,,,,,,,,,,
231,,ASBL cat 2 - Conseil des Pouvoirs Organisateurs de l'Enseignement Officiel Neutre Subventionné,CPEONS,Conseil des Pouvoirs Organisateurs de l'Enseignement Officiel Neutre Subventionné,,,,,,,,,,,,,,,
232,,ASBL cat 2 - Contrat de rivière de la Senne,CRSENNE,Contrat de rivière de la Senne,,,,,,,,,,,,,,,
233,,ASBL cat 2 - Contrat de Rivière Dendre,CRDENDRE,Contrat de Rivière Dendre,,,,,,,,,,,,,,,
234,,ASBL cat 2 - Contrat de Rivière du sous-bassin hydrographique de la Haine,CRHAINE,Contrat de Rivière du sous-bassin hydrographique de la Haine,,,,,,,,,,,,,,,
235,,ASBL cat 2 - Contrat de Rivière Escaut-Lys,CRESCAUT,Contrat de Rivière Escaut-Lys,,,,,,,,,,,,,,,
236,,ASBL cat 2 - Contrat de Rivière Sambre & Affluents,CRSAMBRE,Contrat de Rivière Sambre & Affluents,,,,,,,,,,,,,,,
237,,ASBL cat 2 - Culturo-sportive de Brunehaut - C.C.S.,CSBRUNEHAUT,Culturo-sportive de Brunehaut - C.C.S.,,,,,,,,,,,,,,,
238,,ASBL cat 2 - Décrocher la lune,DECROCHERLUNE,Décrocher la lune,,,,,,,,,,,,,,,
239,,ASBL cat 2 - Espace Europe,ESPEUROPE,Espace Europe,,,,,,,,,,,,,,,
240,,ASBL cat 2 - Fédération des Centres d'Etudes et de documentations sociales,FCEDS,Fédération des Centres d'Etudes et de documentations sociales,,,,,,,,,,,,,,,
241,,ASBL cat 2 - Fleurus Culture,FLEURUSCULT,Fleurus Culture,,,,,,,,,,,,,,,
242,,ASBL cat 2 - Fondation Cathédrale Notre-Dame.be,NOTREDAME,Fondation Cathédrale Notre-Dame.be,,,,,,,,,,,,,,,
243,,ASBL cat 2 - Fondation Mons 2015,MONS2015,Fondation Mons 2015,,,,,,,,,,,,,,,
244,,ASBL cat 2 - Foyer culturel à Beloeil,FCBELOEIL,Foyer culturel à Beloeil,,,,,,,,,,,,,,,
245,,ASBL cat 2 - Foyer culturel de Manage - F.C.M.,FCMANAGE,Foyer culturel de Manage - F.C.M.,,,,,,,,,,,,,,,
246,,ASBL cat 2 - Foyer culturel de Péruwelz,FCPERUWELZ,Foyer culturel de Péruwelz,,,,,,,,,,,,,,,
247,,ASBL cat 2 - Foyer culturel de Saint-Ghislain,FCSAINTGHISLAIN,Foyer culturel de Saint-Ghislain,,,,,,,,,,,,,,,
248,,ASBL cat 2 - Foyer socio-culturel d' Antoing,FCANTOING,Foyer socio-culturel d' Antoing,,,,,,,,,,,,,,,
249,,ASBL cat 2 - Grand-Hornu - Musée des Arts contemporains de la Communauté française,GHMAC,Grand-Hornu - Musée des Arts contemporains de la Communauté française,,,,,,,,,,,,,,,
250,,"ASBL cat 2 - Haute Senne Logement, à SOIGNIES",HAUTESENNELOG,"Haute Senne Logement, à SOIGNIES",,,,,,,,,,,,,,,
251,,ASBL cat 2 - Heureux Abri Momignies,HEUREUXABRI,Heureux Abri Momignies,,,,,,,,,,,,,,,
252,,ASBL cat 2 - Initiatives Théâtre Ado Créations - IThAC (Promotion Théâtre),ITHAC,Initiatives Théâtre Ado Créations - IThAC (Promotion Théâtre),,,,,,,,,,,,,,,
253,,ASBL cat 2 - Institut Européen Interuniversitaire de l'Action Sociale,IEIAS,Institut Européen Interuniversitaire de l'Action Sociale,,,,,,,,,,,,,,,
254,,"ASBL cat 2 - Intercom de Développement Econom. des arrondissements de Tournai, d'Ath et de communes avoisinantes - I.D.E.T.A.",IDETA,"Intercom de Développement Econom. des arrondissements de Tournai, d'Ath et de communes avoisinantes - I.D.E.T.A.",,,,,,,,,,,,,,,
255,,ASBL cat 2 - Intercom de Développement Economique et d'Aménagement de la Région Mons-Borinage-Centre - I.D.E.A.,IDEA,Intercom de Développement Economique et d'Aménagement de la Région Mons-Borinage-Centre - I.D.E.A.,,,,,,,,,,,,,,,
256,,"ASBL cat 2 - Intercom de Propreté Publique de Wallonie picarde - I.P.A.L.L.E., à Froyennes",IPALLE,"Intercom de Propreté Publique de Wallonie picarde - I.P.A.L.L.E., à Froyennes",,,,,,,,,,,,,,,
257,,"ASBL cat 2 - Intercom d'Oeuvres médico-sociales des arrondissements de TOURNAI-ATH-MOUSCRON, à TOURNAI",IOMSATOURNAI,"Intercom d'Oeuvres médico-sociales des arrondissements de TOURNAI-ATH-MOUSCRON, à TOURNAI",,,,,,,,,,,,,,,
258,,"ASBL cat 2 - Intercom du Bois d'Havré, à Mons",IBH,"Intercom du Bois d'Havré, à Mons",,,,,,,,,,,,,,,
259,,ASBL cat 2 - Intercom pour la Gestion et la Réalisation d'Etudes techniques et économiques - I.G.R.E.T.E.C.,IGRETEC,Intercom pour la Gestion et la Réalisation d'Etudes techniques et économiques - I.G.R.E.T.E.C.,,,,,,,,,,,,,,,
260,,ASBL cat 2 - Intercommunale de mutualistion en matière informatique et organisationnelle,IMIO,Intercommunale de mutualistion en matière informatique et organisationnelle,,,,,,,,,,,,,,,
261,,"ASBL cat 2 - Intercommunale de Santé Publique du Pays de Charleroi - I.S.P.P.C., à Charleroi",ISPPC,"Intercommunale de Santé Publique du Pays de Charleroi - I.S.P.P.C., à Charleroi",,,,,,,,,,,,,,,
262,,ASBL cat 2 - Keramis - Centre de la céramique de la Communauté Française,KERAMIS,Keramis - Centre de la céramique de la Communauté Française,,,,,,,,,,,,,,,
263,,"ASBL cat 2 - La Maison Ouvrière de l'arrondissement de Charleroi et du Sud-Hainaut, à CHARLEROI",MOARRCHARLEROI,"La Maison Ouvrière de l'arrondissement de Charleroi et du Sud-Hainaut, à CHARLEROI",,,,,,,,,,,,,,,
264,,ASBL cat 2 - La Posterie - Centre culturel de Courcelle,CCCOURCELLE,La Posterie - Centre culturel de Courcelle,,,,,,,,,,,,,,,
265,,"ASBL cat 2 - La Ruche Chapelloise, à CHAPELLE-LEZ-HERLAIMONT",RUCHECHAPELLOISE,"La Ruche Chapelloise, à CHAPELLE-LEZ-HERLAIMONT",,,,,,,,,,,,,,,
266,,"ASBL cat 2 - La Sambrienne, à MONTIGNIES-SUR-SAMBRE",SAMBRIENNE,"La Sambrienne, à MONTIGNIES-SUR-SAMBRE",,,,,,,,,,,,,,,
267,,"ASBL cat 2 - la Société de Logements de Mouscron, à MOUSCRON",SLMOUSCRON,"la Société de Logements de Mouscron, à MOUSCRON",,,,,,,,,,,,,,,
268,,"ASBL cat 2 - la Société de Logements du Haut Escaut, à ANTOING",SLHAUTESCAUT,"la Société de Logements du Haut Escaut, à ANTOING",,,,,,,,,,,,,,,
269,,"ASBL cat 2 - le Centre Intercommunal de Santé Arthur Nazé, à Colfontaine",CISANAZE,"le Centre Intercommunal de Santé Arthur Nazé, à Colfontaine",,,,,,,,,,,,,,,
270,,ASBL cat 2 - Le Daily-Bul,DAILYBUL,Le Daily-Bul,,,,,,,,,,,,,,,
271,,"ASBL cat 2 - Le Foyer de la Haute Sambre, à THUIN",FOYERHAUTESAMBRE,"Le Foyer de la Haute Sambre, à THUIN",,,,,,,,,,,,,,,
272,,"ASBL cat 2 - Le Foyer Fontainois, à FONTAINE-L'EVEQUE",FOYERFONTAINOIS,"Le Foyer Fontainois, à FONTAINE-L'EVEQUE",,,,,,,,,,,,,,,
273,,"ASBL cat 2 - Le Logis Chatelettain, SCRL, à CHATELET",LOGISCHATELETTAIN,"Le Logis Chatelettain, SCRL, à CHATELET",,,,,,,,,,,,,,,
274,,"ASBL cat 2 - Le Logis Dourois, à DOUR",LOGISDOUROIS,"Le Logis Dourois, à DOUR",,,,,,,,,,,,,,,
275,,"ASBL cat 2 - Le Logis Montagnard, à MONTIGNY-LE-TILLEUL",LOGISMONTAGNARD,"Le Logis Montagnard, à MONTIGNY-LE-TILLEUL",,,,,,,,,,,,,,,
276,,"ASBL cat 2 - Le Logis Quaregnonnais, à QUAREGNON",LOGISQUAREGNON,"Le Logis Quaregnonnais, à QUAREGNON",,,,,,,,,,,,,,,
277,,"ASBL cat 2 - Le Logis Saint-Ghislainois, à SAINT-GHISLAIN",LOGISSAINTGHISLAIN,"Le Logis Saint-Ghislainois, à SAINT-GHISLAIN",,,,,,,,,,,,,,,
278,,"ASBL cat 2 - Le Logis Tournaisien, à TOURNAI",LOGISTOURNAISIEN,"Le Logis Tournaisien, à TOURNAI",,,,,,,,,,,,,,,
279,,"ASBL cat 2 - Les [rencontres] Inattendues, musiques et philosophies",INATTENDUES,"Les [rencontres] Inattendues, musiques et philosophies",,,,,,,,,,,,,,,
280,,"ASBL cat 2 - Les Heures Claires, à ESTAIMPUIS",HEURESCLAIRES,"Les Heures Claires, à ESTAIMPUIS",,,,,,,,,,,,,,,
281,,"ASBL cat 2 - Les Jardins de Wallonie, à LUTTRE",JARDINSWALLONIE,"Les Jardins de Wallonie, à LUTTRE",,,,,,,,,,,,,,,
282,,ASBL cat 2 - Les Journées Internationales de l'Elevage et de l'Agriculture de Tournai,JIELEVAGEAGRI,Les Journées Internationales de l'Elevage et de l'Agriculture de Tournai,,,,,,,,,,,,,,,
283,,"ASBL cat 2 - L'Habitat du Pays Vert, à ATH",PAYSVERT,"L'Habitat du Pays Vert, à ATH",,,,,,,,,,,,,,,
284,,ASBL cat 2 - L'Immobilière Publique PERUWELZ-LEUZE-FRASNES,IPPERUWELZ,L'Immobilière Publique PERUWELZ-LEUZE-FRASNES,,,,,,,,,,,,,,,
285,,"ASBL cat 2 - l'Immobilière sociale ""Toit et moi"", à MONS",TOIETMOI,"l'Immobilière sociale ""Toit et moi"", à MONS",,,,,,,,,,,,,,,
286,,"ASBL cat 2 - l'Immobilière Sociale entre Sambre et Haine, à Binche",ISSAMBRE,"l'Immobilière Sociale entre Sambre et Haine, à Binche",,,,,,,,,,,,,,,
287,,"ASBL cat 2 - L'Observatoire, Créateur d'échanges et de transversalité dans le Social",OBSERVATOIRE,"L'Observatoire, Créateur d'échanges et de transversalité dans le Social",,,,,,,,,,,,,,,
288,,"ASBL cat 2 - Lysco, à COMINES-WARNETON",LYSCO,"Lysco, à COMINES-WARNETON",,,,,,,,,,,,,,,
289,,ASBL cat 2 - Maison Culturelle d'Ath,MCATH,Maison Culturelle d'Ath,,,,,,,,,,,,,,,
290,,ASBL cat 2 - Maison Culturelle de Quaregnon,MCQUAREGNON,Maison Culturelle de Quaregnon,,,,,,,,,,,,,,,
291,,"ASBL cat 2 - Maison de la Culture de Tournai, Centre culturel régional et transfrontalier",MCTOURNAI,"Maison de la Culture de Tournai, Centre culturel régional et transfrontalier",,,,,,,,,,,,,,,
292,,ASBL cat 2 - Maison Léon Losseau,LOSSEAU,Maison Léon Losseau,,,,,,,,,,,,,,,
293,,"ASBL cat 2 - Mars, Mons Arts de la Scène",ARTSSCENE,"Mars, Mons Arts de la Scène",,,,,,,,,,,,,,,
294,,"ASBL cat 2 - Mon Toit Fleurusien, à FLEURUS",TOITFLEURUS,"Mon Toit Fleurusien, à FLEURUS",,,,,,,,,,,,,,,
295,,"ASBL cat 2 - Notre Maison, à CHARLEROI",NOTREMAISON,"Notre Maison, à CHARLEROI",,,,,,,,,,,,,,,
296,,"ASBL cat 2 - Parc naturel des Hauts-Pays, à ONNEZIES",PNHAUTPAYS,"Parc naturel des Hauts-Pays, à ONNEZIES",,,,,,,,,,,,,,,
297,,ASBL cat 2 - Parc Naturel des Plaines de l'Escaut,PNPLAINES,Parc Naturel des Plaines de l'Escaut,,,,,,,,,,,,,,,
298,,ASBL cat 2 - Partenalia,PARTENALIA,Partenalia,,,,,,,,,,,,,,,
299,,ASBL cat 2 - Patrimoine du Musée International du Carnaval et du Masque,MUSEEMASQUE,Patrimoine du Musée International du Carnaval et du Masque,,,,,,,,,,,,,,,
300,,ASBL cat 2 - Pays de Geminiacum,GEMINIACUM,Pays de Geminiacum,,,,,,,,,,,,,,,
301,,ASBL cat 2 - Pôle Hainuyer,POLEHAINUYER,Pôle Hainuyer,,,,,,,,,,,,,,,
302,,ASBL cat 2 - Ronde Maison,RONDEMAISON,Ronde Maison,,,,,,,,,,,,,,,
303,,"ASBL cat 2 - Sambre et Biesme, à FARCIENNES",SAMBREETBIESNE,"Sambre et Biesme, à FARCIENNES",,,,,,,,,,,,,,,
304,,ASBL cat 2 - Service d'Accompagnement pour Personnes Handicapées en milieu ouvert,SACCPH,Service d'Accompagnement pour Personnes Handicapées en milieu ouvert,,,,,,,,,,,,,,,
305,,ASBL cat 2 - Service de Promotion de la Santé à l'Ecole,SPSE,Service de Promotion de la Santé à l'Ecole,,,,,,,,,,,,,,,
306,,"ASBL cat 2 - Société Terrienne de Crédit Social du Hainaut, à ATH",STCREDITSOCIAL,"Société Terrienne de Crédit Social du Hainaut, à ATH",,,,,,,,,,,,,,,
307,,ASBL cat 2 - SUDHAINA - Centre culturel de Chimay,SUDHAINA,SUDHAINA - Centre culturel de Chimay,,,,,,,,,,,,,,,
308,,"ASBL cat 2 - TAMAT - Centre de la Tapisserie, des Arts Muraux et des Arts du Tissu de la Fédération Wallonie Bruxelles",TAMAT,"TAMAT - Centre de la Tapisserie, des Arts Muraux et des Arts du Tissu de la Fédération Wallonie Bruxelles",,,,,,,,,,,,,,,
309,,ASBL cat 2 - Technocité,TECHNOCITE,Technocité,,,,,,,,,,,,,,,
310,,ASBL cat 2 - Télévision Mons-Borinage,TELEMB,Télévision Mons-Borinage,,,,,,,,,,,,,,,
311,,Régies - RPA Hainaut Sécurité,RPA HS,RPA Hainaut Sécurité,,,,,,,,,,,,,,,
312,,Régies - Régie des mess de la Louvière,RMESSLL,Régie des mess de la Louvière,,,,,,,,,,,,,,,
313,,Régies - Régie de Charleroi,RCHARL,Régie de Charleroi,,,,,,,,,,,,,,,
314,,Régies - Régie de Mons Borinage,RMONSBO,Régie de Mons Borinage,,,,,,,,,,,,,,,
315,,Régies - Régie Athénée Provincial de Morlanwelz-Mariemont-Binche-Carnières,RAPMMBC,Régie Athénée Provincial de Morlanwelz-Mariemont-Binche-Carnières,,,,,,,,,,,,,,,
316,,Régies - Régie Ath-Leuze,RATH,Régie Ath-Leuze,,,,,,,,,,,,,,,
317,,Régies - Régie Hôtel de Savoie,RHSAVOIE,Régie Hôtel de Savoie,,,,,,,,,,,,,,,
318,,Régies - Régie Nursing de Tournai,RNTOURNAI,Régie Nursing de Tournai,,,,,,,,,,,,,,,
319,,Régies - Régie Cité Georges Point,RCGPOINT,Régie Cité Georges Point,,,,,,,,,,,,,,,
320,,Régies - Régie Hainaut Concept Impression,RHCI,Régie Hainaut Concept Impression,,,,,,,,,,,,,,,
321,,Régies - Régie des Foyers Provinciaux,RFPROVINCIAUX,Régie des Foyers Provinciaux,,,,,,,,,,,,,,,
322,,Régies - Régie des Mess et Hébergement d'Havré,RMHHAVRE,Régie des Mess et Hébergement d'Havré,,,,,,,,,,,,,,,
323,,Régies - Régie Hainaut Formation,RHFormation,Régie Hainaut Formation,,,,,,,,,,,,,,,
324,,"Régies - Régie Centre d'Etudes, de recherche appliquée et de services à la collectivités de la HEPH Condorcet",RCERA,"Régie Centre d'Etudes, de recherche appliquée et de services à la collectivités de la HEPH Condorcet",,,,,,,,,,,,,,,
325,,Régies - Régie Impulsion,RIMPULS,Régie Impulsion,,,,,,,,,,,,,,,
326,,Régies - Régie Hainaut Analyses,RHANALYSES,Régie Hainaut Analyses,,,,,,,,,,,,,,,
